<?xml version="1.0" encoding="UTF-8"?>
<window>
	<defaultcontrol always="true">3</defaultcontrol>
	<coordinates>
		<left>0</left>
		<top>0</top>
	</coordinates>
	<include>dialogeffect</include>
	<controls>
		<control type="group">
			<animation effect="fade" start="100" end="0" time="150" condition="Window.Is(contentsettings) + Window.IsActive(AddonSettings)">Conditional</animation>
			<animation effect="fade" start="100" end="0" time="300" condition="[Window.Is(osdaudiosettings) | Window.Is(osdvideosettings)] + [Window.IsVisible(SliderDialog) |  Window.IsVisible(FileBrowser)]">Conditional</animation>
			<include content="DialogBackgroundFull">
				<param name="DialogBackgroundWidth" value="1920" />
				<param name="DialogBackgroundHeight" value="1080" />
				<param name="DialogHeaderWidth" value="1920" />
				<param name="DialogHeaderLabel" value="2" />
				<param name="DialogHeaderId" value="2" />
				<param name="CloseButtonLeft" value="760" />
				<param name="CloseButtonNav" value="10" />
			</include>
			<control type="grouplist" id="3">
				<description>Categories Area</description>
				<left>200</left>
				<top>200</top>
				<width>400</width>
				<height>800</height>
				<itemgap>-1</itemgap>
				<orientation>vertical</orientation>
				<onleft>60</onleft>
				<onright>5</onright>
				<onup>9001</onup>
				<ondown>9001</ondown>
			</control>
			<control type="button" id="10">
				<description>Default Category Button</description>
				<height>65</height>
				<width>400</width>
				<textoffsetx>20</textoffsetx>
				<align>left</align>
				<aligny>center</aligny>
				<font>font30</font>
				<textcolor>lightblue</textcolor>
				<focusedcolor>white</focusedcolor>
				<texturefocus border="10" colordiffuse="99FFFFFF">common/folder-focus.png</texturefocus>
				<texturenofocus border="5" colordiffuse="00FFFFFF">MenuItemNF.png</texturenofocus>
				<pulseonselect>false</pulseonselect>
			</control>
			<control type="image">
				<description>Has Previous</description>
				<left>25</left>
				<top>80</top>
				<width>20</width>
				<height>20</height>
				<texture>scroll-left-focus.png</texture>
				<visible>Container(3).HasPrevious</visible>
			</control>
			<control type="image">
				<description>Has Next</description>
				<left>805</left>
				<top>80</top>
				<width>20</width>
				<height>20</height>
				<texture>scroll-right-focus.png</texture>
				<visible>Container(3).HasNext</visible>
			</control>
			<control type="grouplist" id="5">
				<description>control area</description>
				<left>700</left>
				<top>200</top>
				<width>770</width>
				<height>680</height>
				<itemgap>5</itemgap>
				<pagecontrol>60</pagecontrol>
				<onup>3</onup>
				<ondown>9001</ondown>
				<onleft>3</onleft>
				<onright>60</onright>
			</control>
			<control type="scrollbar" id="60">
				<left>1480</left>
				<top>200</top>
				<width>25</width>
				<height>680</height>
				<texturesliderbackground border="0,14,0,14">ScrollBarV.png</texturesliderbackground>
				<texturesliderbar border="0,14,0,14">ScrollBarV_bar.png</texturesliderbar>
				<texturesliderbarfocus border="0,14,0,14">ScrollBarV_bar_focus.png</texturesliderbarfocus>
				<textureslidernib>ScrollBarNib.png</textureslidernib>
				<textureslidernibfocus>ScrollBarNib.png</textureslidernibfocus>
				<onleft>5</onleft>
				<onright>3</onright>
				<showonepage>false</showonepage>
				<orientation>vertical</orientation>
			</control>
			<control type="button" id="7">
				<description>Default Button</description>
				<left>0</left>
				<top>0</top>
				<height>40</height>
				<font>font16</font>
				<textcolor>99FFFFFF</textcolor>
				<focusedcolor>white</focusedcolor>
				<invalidcolor>invalid</invalidcolor>
				<texturefocus border="0,2,0,2" colordiffuse="33000000">common/blankWhite.png</texturefocus>
				<texturenofocus border="0,2,0,2" colordiffuse="00FFFFFF">MenuItemNF.png</texturenofocus>
			</control>
			<control type="radiobutton" id="8">
				<description>Default RadioButton</description>
				<left>0</left>
				<top>0</top>
				<height>40</height>
				<font>font16</font>
				<textcolor>99FFFFFF</textcolor>
				<focusedcolor>white</focusedcolor>
				<texturefocus border="0,2,0,2" colordiffuse="33000000">common/blankWhite.png</texturefocus>
				<texturenofocus border="0,2,0,2" colordiffuse="00FFFFFF">MenuItemNF.png</texturenofocus>
			</control>
			<control type="spincontrolex" id="9">
				<description>Default SpinControlex</description>
				<left>0</left>
				<top>0</top>
				<height>40</height>
				<font>font16</font>
				<textcolor>99FFFFFF</textcolor>
				<focusedcolor>white</focusedcolor>
				<texturefocus border="0,2,0,2" colordiffuse="33000000">common/blankWhite.png</texturefocus>
				<texturenofocus border="0,2,0,2" colordiffuse="00FFFFFF">MenuItemNF.png</texturenofocus>
				<aligny>center</aligny>
			</control>
			<control type="image" id="11">
				<description>separator image</description>
				<height>2</height>
				<texture>separator2.png</texture>
			</control>
			<control type="edit" id="12">
				<description>Default Edit</description>
				<height>40</height>
				<font>font16</font>
				<textcolor>99FFFFFF</textcolor>
				<focusedcolor>white</focusedcolor>
				<texturefocus border="0,2,0,2" colordiffuse="33000000">common/blankWhite.png</texturefocus>
				<texturenofocus border="0,2,0,2" colordiffuse="00FFFFFF">MenuItemNF.png</texturenofocus>
			</control>
			<control type="sliderex" id="13">
				<description>Default Slider</description>
				<posx>0</posx>
				<posy>0</posy>
				<height>40</height>
				<font>font16</font>
				<textcolor>99FFFFFF</textcolor>
				<focusedcolor>white</focusedcolor>
				<texturefocus border="0,2,0,2" colordiffuse="00FFFFFF">MenuItemFO.png</texturefocus>
				<texturenofocus border="0,2,0,2" colordiffuse="00FFFFFF">MenuItemNF.png</texturenofocus>
				<aligny>center</aligny>
			</control>
			<control type="label" id="14">
				<description>Default Heading</description>
				<height>35</height>
				<font>font13_title</font>
				<align>left</align>
				<aligny>center</aligny>
				<textcolor>CCFFFFFF</textcolor>
			</control>
			<control type="grouplist" id="9001">
				<top>70r</top>
				<right>300</right>
				<width>770</width>
				<align>center</align>
				<itemgap>5</itemgap>
				<orientation>horizontal</orientation>
				<control type="button" id="28">
					<description>OK Button</description>
					<top>0</top>
					<width>186</width>
					<height>40</height>
					<align>center</align>
					<aligny>center</aligny>
					<font>font12_title</font>
					<onup>5</onup>
					<ondown>5</ondown>
				</control>
				<control type="button" id="29">
					<description>Cancel Button</description>
					<top>0</top>
					<width>186</width>
					<height>40</height>
					<align>center</align>
					<aligny>center</aligny>
					<font>font12_title</font>
					<label/>
					<onup>5</onup>
					<ondown>5</ondown>
				</control>
				<control type="button" id="30">
					<description>Defaults Button</description>
					<top>0</top>
					<width>186</width>
					<height>40</height>
					<align>center</align>
					<aligny>center</aligny>
					<font>font12_title</font>
					<onup>5</onup>
					<ondown>5</ondown>
				</control>
				<control type="button" id="20">
					<description>Settings Level Button</description>
					<top>0</top>
					<width>186</width>
					<height>40</height>
					<align>center</align>
					<aligny>center</aligny>
					<font>font12_title</font>
					<onclick>SettingsLevelChange</onclick>
					<onup>5</onup>
					<ondown>5</ondown>
				</control>
			</control>
		</control>
	</controls>
</window>
