<?xml version="1.0" encoding="UTF-8"?>
<window>
	<defaultcontrol />
	<animation effect="slide" start="800,0" end="0,0" time="75">WindowOpen</animation>
	<animation effect="slide" start="0,0" end="800,0" delay="300" time="75">WindowClose</animation>
	<controls>
		<control type="group">
			<depth>DepthHeader</depth>
			<left>1120</left>
			<top>300r</top>
			<animation effect="slide" end="800,0" time="150" condition="Window.IsVisible(FullscreenVideo) | Window.IsVisible(Visualisation)">conditional</animation>
			<control type="image">
				<left>0</left>
				<top>0</top>
				<width>750</width>
				<height>200</height>
				<texture border="20">dialogback.png</texture>
			</control>
			<control type="label" id="30">
				<description>Header Label</description>
				<left>20</left>
				<top>0</top>
				<width>700</width>
				<height>30</height>
				<font>font36_ucase</font>
				<textcolor>dialogHeader</textcolor>
			</control>
			<control type="label" id="31">
				<description>Title Label</description>
				<left>20</left>
				<top>80</top>
				<width>700</width>
				<height>20</height>
				<font>font16</font>
				<textcolor>white</textcolor>
				<align>left</align>
				<aligny>center</aligny>
			</control>
			<control type="progress" id="32">
				<description>progress control</description>
				<left>20</left>
				<top>150</top>
				<width>500</width>
				<height>20</height>
			</control>
		</control>
	</controls>
</window>
