<?xml version="1.0" encoding="UTF-8"?>
<window>
	<defaultcontrol>1</defaultcontrol>
	<visible>Window.IsVisible(VideoOSD) | Window.IsVisible(fullscreeninfo) | [Window.IsVisible(fullscreenvideo) + [Player.Seeking | Player.DisplayAfterSeek | Player.Paused | Player.Forwarding | Player.Rewinding | Player.ShowTime | Player.IsTempo]]</visible>
	<visible>!Player.HasGame</visible>
	<visible>!Player.FrameAdvance</visible>
	<animation effect="fade" start="0" end="100" time="150">WindowOpen</animation>
	<animation effect="fade" start="100" end="0" time="150">WindowClose</animation>
	<depth>DepthOSD</depth>
	<controls>
		<control type="image" id="1">
			<description>texture behind the clock</description>
			<left>1590</left>
			<top>5</top>
			<width>252</width>
			<height>111</height>
			<texture colordiffuse="99336699">common/behindClock.png</texture>
		</control>
		<control type="label" id="1">
			<description>Clock label</description>
			<left>1590</left>
			<top>50</top>
			<width>252</width>
			<height>25</height>
			<align>center</align>
			<aligny>center</aligny>
			<font>font30</font>
			<textcolor>white</textcolor>
			<label>$INFO[System.Time]</label>
		</control>
		<control type="group">
			<visible>player.chaptercount + Window.IsVisible(FullScreenVideo)</visible>
			<left>705r</left>
			<top>-6</top>
			<include>VisibleFadeEffect</include>
			<control type="image">
				<left>0</left>
				<top>0</top>
				<width>150</width>
				<height>70</height>
				<colordiffuse>EEFFFFFF</colordiffuse>
				<texture border="12">OverlayDialogBackground.png</texture>
			</control>
			<control type="label" id="1">
				<description>Chapter Pos No</description>
				<left>20</left>
				<top>10</top>
				<width>110</width>
				<height>20</height>
				<align>center</align>
				<aligny>center</aligny>
				<font>font12_title</font>
				<textcolor>blue</textcolor>
				<label>$LOCALIZE[21396]</label>
				<visible>player.chaptercount</visible>
			</control>
			<control type="label" id="1">
				<description>Chapter Pos No</description>
				<left>20</left>
				<top>30</top>
				<width>110</width>
				<height>20</height>
				<align>center</align>
				<aligny>center</aligny>
				<font>font13_title</font>
				<textcolor>grey2</textcolor>
				<label>$INFO[player.chapter]$INFO[player.chaptercount, / ]</label>
				<visible>player.chaptercount</visible>
			</control>
		</control>
		<control type="group">
			<left>370</left>
			<top>185r</top>
			<!-- <control type="label">
				<description>Seekbar Label</description>
				<left>20</left>
				<top>7</top>
				<width>240</width>
				<height>20</height>
				<align>left</align>
				<aligny>center</aligny>
				<font>font10_title</font>
				<textcolor>white</textcolor>
				<label>$VAR[SeekLabel]</label>
			</control> -->
			<control type="group">
				<visible>[VideoPlayer.Content(LiveTV) + VideoPlayer.HasEpg]</visible>
				<!-- <control type="label">
					<description>Elapsed Time Label</description>
					<left>0</left>
					<top>23</top>
					<width>240</width>
					<height>20</height>
					<font>font13_title</font>
					<textcolor>white</textcolor>
					<align>left</align>
					<aligny>center</aligny>
					<label>$INFO[PVR.EpgEventElapsedTime] - $INFO[PVR.EpgEventDuration]</label>
					<visible>!Player.Seeking</visible>
				</control>
				<control type="label">
					<description>Seek Time Label</description>
					<left>0</left>
					<top>23</top>
					<width>240</width>
					<height>20</height>
					<font>font13_title</font>
					<textcolor>white</textcolor>
					<align>left</align>
					<aligny>center</aligny>
					<label>$INFO[PVR.EpgEventSeekTime] - $INFO[PVR.EpgEventDuration]</label>
					<visible>Player.Seeking</visible>
				</control> -->
				<control type="image" id="1">
					<description>texture behind the clock</description>
					<left>-200</left>
					<top>0</top>
					<width>252</width>
					<height>111</height>
					<texture colordiffuse="99000000">common/behindClock.png</texture>
				</control>
				<control type="label">
					<description>Start Time Label</description>
					<left>-200</left>
					<top>40</top>
					<width>252</width>
					<height>20</height>
					<font>font30</font>
					<textcolor>white</textcolor>
					<align>center</align>
					<aligny>center</aligny>
					<label>$INFO[VideoPlayer.StartTime]</label>
				</control>
				<control type="image" id="1">
					<description>texture behind the clock</description>
					<left>1160</left>
					<top>0</top>
					<width>252</width>
					<height>111</height>
					<texture colordiffuse="99000000">common/behindClock.png</texture>
				</control>
				<control type="label">
					<description>End Time Label</description>
					<left>1220</left>
					<top>40</top>
					<width>1175</width>
					<height>20</height>
					<font>font30</font>
					<textcolor>white</textcolor>
					<align>left</align>
					<aligny>center</aligny>
					<label>$INFO[VideoPlayer.EndTime]</label>
				</control>
				<control type="progress">
					<description>ProgressbarTimeshift</description>
					<left>20</left>
					<top>45</top>
					<width>1175</width>
					<height>15</height>
					<info>PVR.TimeshiftProgressBufferEnd</info>
					<midtexture border="6,0,6,0">OSDProgressMidLight.png</midtexture>
					<visible>PVR.IsTimeShift</visible>
				</control>
				<control type="progress" id="23">
					<description>Progressbar</description>
					<left>20</left>
					<top>45</top>
					<width>1175</width>
					<height>15</height>
					<info>PVR.EpgEventProgress</info>
					<visible>true</visible>
				</control>
				<control type="slider" id="402">
					<description>Seek Slider</description>
					<left>20</left>
					<top>42</top>
					<width>1175</width>
					<height>15</height>
					<texturesliderbar>seekslider.png</texturesliderbar>
					<textureslidernib>osd_slider_nib.png</textureslidernib>
					<textureslidernibfocus>osd_slider_nib.png</textureslidernibfocus>
					<visible>false + Player.Seeking</visible>
				</control>
			</control>
			<control type="group">
				<visible>![VideoPlayer.Content(LiveTV) + VideoPlayer.HasEpg]</visible>
				<!-- <control type="label">
					<description>Elapsed Time Label</description>
					<left>20</left>
					<top>23</top>
					<width>1175</width>
					<height>20</height>
					<font>font13_title</font>
					<textcolor>white</textcolor>
					<align>left</align>
					<aligny>center</aligny>
					<label>$INFO[Player.Time] - $INFO[Player.Duration]</label>
					<visible>!Player.Seeking</visible>
				</control>
				<control type="label">
					<description>Seek Time Label</description>
					<left>20</left>
					<top>23</top>
					<width>1175</width>
					<height>20</height>
					<font>font13_title</font>
					<textcolor>white</textcolor>
					<align>left</align>
					<aligny>center</aligny>
					<label>$INFO[Player.SeekTime] - $INFO[Player.Duration]</label>
					<visible>Player.Seeking</visible>
				</control> -->
				<control type="image" id="1">
					<description>texture behind the clock</description>
					<left>1150</left>
					<top>0</top>
					<width>252</width>
					<height>111</height>
					<texture colordiffuse="99000000">common/behindClock.png</texture>
				</control>
				<control type="label">
					<description>End Time Label</description>
					<left>1220</left>
					<top>40</top>
					<width>1175</width>
					<height>20</height>
					<font>font30</font>
					<textcolor>white</textcolor>
					<align>left</align>
					<aligny>center</aligny>
					<label>$INFO[Player.Duration]</label>
				</control>


				<control type="progress">
					<description>ProgressbarCache</description>
					<left>20</left>
					<top>45</top>
					<width>1175</width>
					<height>15</height>
					<info>Player.ProgressCache</info>
					<midtexture border="6,0,6,0">OSDProgressMidLight.png</midtexture>
					<visible>true</visible>
				</control>
				<control type="progress" id="23">
					<description>Progressbar</description>
					<left>20</left>
					<top>45</top>
					<width>1175</width>
					<height>15</height>
					<info>Player.Progress</info>
					<visible>true</visible>
				</control>
				<control type="slider" id="401">
					<description>Seek Slider</description>
					<left>20</left>
					<top>40</top>
					<width>1175</width>
					<height>0</height>
					<texturesliderbar>seekslider.png</texturesliderbar>
					<textureslidernib>osd_slider_nib.png</textureslidernib>
					<textureslidernibfocus>osd_slider_nib.png</textureslidernibfocus>
					<visible>false + Player.Seeking</visible>
				</control>
			</control>
			<control type="group">
				<!-- <visible>Player.Forwarding | Player.Rewinding | $EXP[PlayerSeek]</visible> -->
				<!-- <visible>[VideoPlayer.Content(LiveTV) + VideoPlayer.HasEpg]</visible> -->
				<include condition="!VideoPlayer.HasEpg">OSD_Seek_Position</include>
				<include condition="VideoPlayer.HasEpg" content="OSD_Seek_Position">
					<param name="id" value="402"/>
				</include>
				<!-- <left>-132</left>
				<right>149</right>
				<bottom>60</bottom> -->
				<top>-38</top>
				<left>-112</left>
				<width>264</width>
				<height>100</height>
				<control type="image">
					<width>264</width>
					<height>100</height>
					<texture>osdSliderPlay.png</texture>
					<!-- <bordertexture colordiffuse="cc808080" border="1">common/white.jpg</bordertexture>
					<bordersize>1</bordersize> -->
				</control>
				<!-- <control type="image">
					<left>200</left>
					<top>30</top>
					<width>50</width>
					<height>27</height>
					<texture>osdplay.png</texture>
				</control> -->
				<control type="group">
					<left>200</left>
					<top>30</top>
					<!-- <control type="image">
						<width>20</width>
						<height>44</height>
						<texture>OSDSeekRewind.png</texture>
						<visible>Player.Rewinding | [Player.IsTempo + String.StartsWith(Player.PlaySpeed,0.)]</visible>
					</control>
					<control type="image">
						<width>20</width>
						<height>44</height>
						<texture>OSDSeekForward.png</texture>
						<visible>Player.Forwarding | [Player.IsTempo + String.StartsWith(Player.PlaySpeed,1.)]</visible>
					</control> -->
					<control type="image">
						<width>50</width>
						<height>27</height>
						<texture>OSDPause.png</texture>
						<visible>Player.Paused</visible>
					</control>
					<control type="image">
						<width>50</width>
						<height>27</height>
						<texture>OSDPlay.png</texture>
						<visible>Player.Playing + !Player.IsTempo</visible>
					</control>
					<control type="image">
						<width>50</width>
						<height>27</height>
						<texture>OSDrr1.png</texture>
						<visible>Player.Rewinding2x</visible>
					</control>
					<control type="image">
						<width>50</width>
						<height>27</height>
						<texture>OSD0.9x.png</texture>
						<visible>String.IsEqual(Player.PlaySpeed,0.90)</visible>
					</control>
					<control type="image">
						<width>50</width>
						<height>27</height>
						<texture>OSDrr2.png</texture>
						<visible>Player.Rewinding4x</visible>
					</control>
					<control type="image">
						<width>50</width>
						<height>27</height>
						<texture>OSD0.8x.png</texture>
						<visible>String.IsEqual(Player.PlaySpeed,0.80)</visible>
					</control>
					<control type="image">
						<width>50</width>
						<height>27</height>
						<texture>OSDrr3.png</texture>
						<visible>Player.Rewinding8x</visible>
					</control>
					<control type="image">
						<width>50</width>
						<height>27</height>
						<texture>OSDrr4.png</texture>
						<visible>Player.Rewinding16x</visible>
					</control>
					<control type="image">
						<width>50</width>
						<height>27</height>
						<texture>OSDrr5.png</texture>
						<visible>Player.Rewinding32x</visible>
					</control>
					<control type="image">
						<width>50</width>
						<height>27</height>
						<texture>osdff1.png</texture>
						<visible>Player.Forwarding2x</visible>
					</control>
					<control type="image">
						<width>50</width>
						<height>27</height>
						<texture>OSD1.1x.png</texture>
						<visible>String.IsEqual(Player.PlaySpeed,1.10)</visible>
					</control>
					<control type="image">
						<width>50</width>
						<height>27</height>
						<texture>osdff2.png</texture>
						<visible>Player.Forwarding4x</visible>
					</control>
					<control type="image">
						<width>50</width>
						<height>27</height>
						<texture>OSD1.2x.png</texture>
						<visible>String.IsEqual(Player.PlaySpeed,1.20)</visible>
					</control>
					<control type="image">
						<width>50</width>
						<height>27</height>
						<texture>osdff3.png</texture>
						<visible>Player.Forwarding8x</visible>
					</control>
					<control type="image">
						<width>50</width>
						<height>27</height>
						<texture>OSD1.3x.png</texture>
						<visible>String.IsEqual(Player.PlaySpeed,1.30)</visible>
					</control>
					<control type="image">
						<width>50</width>
						<height>27</height>
						<texture>osdff4.png</texture>
						<visible>Player.Forwarding16x</visible>
					</control>
					<control type="image">
						<width>50</width>
						<height>27</height>
						<texture>OSD1.4x.png</texture>
						<visible>String.IsEqual(Player.PlaySpeed,1.40)</visible>
					</control>
					<control type="image">
						<width>50</width>
						<height>27</height>
						<texture>osdff5.png</texture>
						<visible>Player.Forwarding32x</visible>
					</control>
					<control type="image">
						<width>50</width>
						<height>27</height>
						<texture>OSD1.5x.png</texture>
						<visible>String.IsEqual(Player.PlaySpeed,1.50)</visible>
					</control>
				</control>
				<control type="label">
					<left>50</left>
					<top>2</top>
					<width>264</width>
					<height>80</height>
					<align>left</align>
					<aligny>center</aligny>
					<font>font30</font>
					<textcolor>CC000000</textcolor>
					<label>$VAR[PlayerSeekStepLabel]</label>
					<!-- ==== -->
				</control>
			</control>
		</control>
	</controls>
</window>
