<?xml version="1.0" encoding="UTF-8"?>
<window>
	<defaultcontrol>10</defaultcontrol>
	<coordinates>
		<left>0</left>
		<top>0</top>
	</coordinates>
	<include>dialogeffect</include>
	<controls>
		<include content="DialogBackgroundFull">
			<param name="DialogBackgroundWidth" value="800" />
			<param name="DialogBackgroundHeight" value="500" />
			<param name="DialogHeaderWidth" value="720" />
			<param name="DialogHeaderLabel" value="$LOCALIZE[13406]" />
			<param name="DialogHeaderId" value="2" />
			<param name="CloseButtonLeft" value="710" />
			<param name="CloseButtonNav" value="10" />
		</include>
		<control type="group">
			<top>200</top>
			<left>200</left>
			<control type="label">
				<description>path label</description>
				<left>0</left>
				<top>0</top>
				<width>760</width>
				<height>30</height>
				<align>left</align>
				<aligny>center</aligny>
				<font>font30</font>
				<label>1021</label>
				<textcolor>white</textcolor>
			</control>
			<control type="list" id="10">
				<left>0</left>
				<top>50</top>
				<width>500</width>
				<height>410</height>
				<onup>9001</onup>
				<onleft>9000</onleft>
				<onright>60</onright>
				<ondown>12</ondown>
				<pagecontrol>60</pagecontrol>
				<scrolltime>200</scrolltime>
				<itemlayout height="45">
					<!-- <control type="image">
						<left>0</left>
						<top>0</top>
						<width>525</width>
						<height>40</height>
						<texture border="5">button-nofocus.png</texture>
					</control> -->
					<control type="label">
						<left>10</left>
						<top>0</top>
						<width>490</width>
						<height>40</height>
						<font>font13</font>
						<align>left</align>
						<aligny>center</aligny>
						<textcolor>grey2</textcolor>
						<selectedcolor>selected</selectedcolor>
						<info>ListItem.Label</info>
					</control>
				</itemlayout>
				<focusedlayout height="45">
					<!-- <control type="image">
						<left>0</left>
						<top>0</top>
						<width>525</width>
						<height>40</height>
						<visible>!Control.HasFocus(10)</visible>
						<texture border="5">button-nofocus.png</texture>
					</control> -->
					<control type="image">
						<left>0</left>
						<top>0</top>
						<width>525</width>
						<height>41</height>
						<visible>Control.HasFocus(10)</visible>
						<texture border="0,2,0,2" colordiffuse="33000000">common/blankWhite.png</texture>
					</control>
					<control type="label">
						<left>10</left>
						<top>0</top>
						<width>490</width>
						<height>40</height>
						<font>font13</font>
						<align>left</align>
						<aligny>center</aligny>
						<selectedcolor>selected</selectedcolor>
						<info>ListItem.Label</info>
					</control>
				</focusedlayout>
			</control>
			<control type="scrollbar" id="60">
				<left>515</left>
				<top>50</top>
				<width>25</width>
				<height>410</height>
				<texturesliderbackground border="0,14,0,14">ScrollBarV.png</texturesliderbackground>
				<texturesliderbar border="0,14,0,14">ScrollBarV_bar.png</texturesliderbar>
				<texturesliderbarfocus border="0,14,0,14">ScrollBarV_bar_focus.png</texturesliderbarfocus>
				<textureslidernib>ScrollBarNib.png</textureslidernib>
				<textureslidernibfocus>ScrollBarNib.png</textureslidernibfocus>
				<onleft>10</onleft>
				<onright>9000</onright>
				<showonepage>false</showonepage>
				<orientation>vertical</orientation>
			</control>
			<control type="group" id="9000">
				<left>550</left>
				<top>50</top>
				<control type="button" id="11">
					<description>Browse Button</description>
					<left>0</left>
					<top>0</top>
					<width>190</width>
					<height>40</height>
					<label>1024</label>
					<font>font12_title</font>
					<align>center</align>
					<aligny>center</aligny>
					<texturenofocus border="5">button-nofocus.png</texturenofocus>
					<texturefocus border="5">button-focus.png</texturefocus>
					<onup>18</onup>
					<onleft>60</onleft>
					<onright>10</onright>
					<ondown>13</ondown>
				</control>
				<control type="button" id="13">
					<description>Add Path Button</description>
					<left>0</left>
					<top>45</top>
					<width>190</width>
					<height>40</height>
					<label>15019</label>
					<font>font12_title</font>
					<align>center</align>
					<aligny>center</aligny>
					<texturenofocus border="5">button-nofocus.png</texturenofocus>
					<texturefocus border="5">button-focus.png</texturefocus>
					<onup>11</onup>
					<onleft>60</onleft>
					<onright>10</onright>
					<ondown>14</ondown>
				</control>
				<control type="button" id="14">
					<description>Remove Path Button</description>
					<left>0</left>
					<top>90</top>
					<width>190</width>
					<height>40</height>
					<label>1210</label>
					<font>font12_title</font>
					<align>center</align>
					<aligny>center</aligny>
					<texturenofocus border="5">button-nofocus.png</texturenofocus>
					<texturefocus border="5">button-focus.png</texturefocus>
					<onup>13</onup>
					<onleft>60</onleft>
					<onright>10</onright>
					<ondown>12</ondown>
				</control>
			</control>
			<control type="label">
				<description>Name label</description>
				<left>0</left>
				<top>500</top>
				<width>740</width>
				<height>30</height>
				<align>left</align>
				<aligny>center</aligny>
				<font>font30</font>
				<label>1022</label>
				<textcolor>white</textcolor>
			</control>
			<control type="edit" id="12">
				<description>Name Button</description>
				<left>0</left>
				<top>550</top>
				<width>740</width>
				<height>40</height>
				<align>left</align>
				<aligny>center</aligny>
				<label/>
				<font>font13</font>
				<texturefocus border="0,2,0,2" colordiffuse="33000000">common/blankWhite.png</texturefocus>
				<texturenofocus border="0,2,0,2" colordiffuse="11000000">common/blankWhite.png</texturenofocus>
				<!-- <texturefocus border="5">button-focus2.png</texturefocus>
				<texturenofocus border="5">button-nofocus.png</texturenofocus> -->
				<onup>10</onup>
				<onleft>12</onleft>
				<onright>19</onright>
				<ondown>9001</ondown>
			</control>
			<control type="group" id="9001">
				<left>1200</left>
				<top>800</top>
				<control type="button" id="18">
					<description>Ok Button</description>
					<left>0</left>
					<top>0</top>
					<width>200</width>
					<height>40</height>
					<align>center</align>
					<aligny>center</aligny>
					<texturenofocus border="5">button-nofocus.png</texturenofocus>
					<texturefocus border="5">button-focus.png</texturefocus>
					<label>186</label>
					<font>font12_title</font>
					<onup>12</onup>
					<onleft>19</onleft>
					<onright>19</onright>
					<ondown>10</ondown>
				</control>
				<control type="button" id="19">
					<description>Cancel Button</description>
					<left>210</left>
					<top>0</top>
					<width>200</width>
					<height>40</height>
					<align>center</align>
					<aligny>center</aligny>
					<texturenofocus border="5">button-nofocus.png</texturenofocus>
					<texturefocus border="5">button-focus.png</texturefocus>
					<label>222</label>
					<font>font12_title</font>
					<onup>12</onup>
					<onleft>18</onleft>
					<onright>18</onright>
					<ondown>10</ondown>
				</control>
			</control>
		</control>
	</controls>
</window>
