<?xml version="1.0" encoding="UTF-8"?>
<fonts>
	<fontset id="Default" idloc="31390">
		<!-- Normal Fonts -->
		<font>
			<name>font10</name>
			<filename>selawk.ttf</filename>
			<size>14</size>
		</font>
		<font>
			<name>font12</name>
			<filename>selawk.ttf</filename>
			<size>17</size>
		</font>
		<font>
			<name>font13</name>
			<filename>selawk.ttf</filename>
			<size>20</size>
		</font>
		<font>
			<name>font14</name>
			<filename>selawk.ttf</filename>
			<size>22</size>
		</font>
		<font>
			<name>font16</name>
			<filename>selawk.ttf</filename>
			<size>25</size>
		</font>
		<font>
			<name>font16_lcase</name>
			<filename>selawk.ttf</filename>
			<size>25</size>
			<style>lowercase</style>
		</font>
		<font>
			<name>font16_Bold_lcase</name>
			<filename>selawk.ttf</filename>
			<size>25</size>
			<style>lowercase bold</style>
		</font>
		<font>
			<name>font30</name>
			<filename>selawk.ttf</filename>
			<size>30</size>
		</font>
		<font>
			<name>font30_light</name>
			<filename>selawkl.ttf</filename>
			<size>30</size>
		</font>
		<font>
			<name>font30_Bold</name>
			<filename>selawk.ttf</filename>
			<style>bold</style>
			<size>30</size>
		</font>
		<font>
			<name>font30_Bold_lcase</name>
			<filename>selawk.ttf</filename>
			<style>lowercase bold</style>
			<size>30</size>
		</font>
		<font>
			<name>font30_lcase</name>
			<filename>selawk.ttf</filename>
			<size>30</size>
			<style>lowercase</style>
		</font>
		<font>
			<name>font36_ucase</name>
			<filename>selawk.ttf</filename>
			<size>36</size>
			<style>uppercase</style>
		</font>
		<font>
			<name>font36</name>
			<filename>selawk.ttf</filename>
			<size>36</size>
		</font>
		<font>
			<name>font36_light</name>
			<filename>selawkl.ttf</filename>
			<size>36</size>
		</font>
		<font>
			<name>font40</name>
			<filename>selawk.ttf</filename>
			<size>40</size>
		</font>
		<font>
			<name>font40_bold</name>
			<filename>selawk.ttf</filename>
			<style>bold</style>
			<size>40</size>
		</font>
		<font>
			<name>font40_light</name>
			<filename>selawkl.ttf</filename>
			<size>40</size>
		</font>
		<font>
			<name>font48</name>
			<filename>selawk.ttf</filename>
			<size>48</size>
		</font>
		<font>
			<name>font48_bold</name>
			<filename>selawk.ttf</filename>
			<style>bold</style>
			<size>48</size>
		</font>
		<font>
			<name>font48_light</name>
			<filename>selawkl.ttf</filename>
			<size>48</size>
		</font>
		<font>
			<name>font24</name>
			<filename>selawk.ttf</filename>
			<size>24</size>
		</font>
		<font>
			<name>font36_Bold</name>
			<filename>selawk.ttf</filename>
			<style>bold</style>
			<size>36</size>
		</font>
		<font>
			<name>fontContextMenu</name>
			<filename>selawk.ttf</filename>
			<size>18</size>
		</font>
		<!-- Title Fonts -->
		<font>
			<name>font10_title</name>
			<filename>selawkb.ttf</filename>
			<size>12</size>
		</font>
		<font>
			<name>font12_title</name>
			<filename>selawkb.ttf</filename>
			<size>17</size>
		</font>
		<font>
			<name>font13_title</name>
			<filename>selawkb.ttf</filename>
			<size>20</size>
		</font>
		<font>
			<name>font24_title</name>
			<filename>selawkb.ttf</filename>
			<size>24</size>
		</font>
		<font>
			<name>font28_title</name>
			<filename>selawkb.ttf</filename>
			<size>28</size>
		</font>
		<font>
			<name>font30_title</name>
			<filename>selawkb.ttf</filename>
			<size>30</size>
		</font>
		<font>
			<name>font35_title</name>
			<filename>selawkb.ttf</filename>
			<size>35</size>
		</font>
		<font>
			<name>font_MainMenu</name>
			<filename>selawkl.ttf</filename>
			<size>80</size>
		</font>
		<font>
			<name>fontDialog_Title</name>
			<filename>selawk.ttf</filename>
			<size>30</size>
			<style>uppercase</style>
		</font>
		<font>
			<name>fontDialog_Menu</name>
			<filename>selawkl.ttf</filename>
			<size>60</size>
			<style>lowercase</style>
		</font>
		<font>
			<name>fontDialog_MenuFocus</name>
			<filename>selawkl.ttf</filename>
			<size>100</size>
			<style>lowercase</style>
		</font>
		<font>
			<name>fontPage_Title</name>
			<filename>selawkl.ttf</filename>
			<size>100</size>
			<style>lowercase</style>
		</font>
		<font>
			<name>fontPage_SortLetter</name>
			<filename>selawkl.ttf</filename>
			<size>120</size>
		</font>
		<font>
			<name>WeatherTemp</name>
			<filename>selawkb.ttf</filename>
			<size>120</size>
		</font>
	</fontset>
	<fontset id="Massive" idloc="15110">
		<!-- Normal Fonts -->
		<font>
			<name>font10</name>
			<filename>selawk.ttf</filename>
			<size>14</size>
		</font>
		<font>
			<name>font12</name>
			<filename>selawk.ttf</filename>
			<size>23</size>
		</font>
		<font>
			<name>font13</name>
			<filename>selawk.ttf</filename>
			<size>25</size>
		</font>
		<font>
			<name>font14</name>
			<filename>selawk.ttf</filename>
			<size>25</size>
		</font>
		<font>
			<name>font16</name>
			<filename>selawk.ttf</filename>
			<size>25</size>
		</font>
		<font>
			<name>font30</name>
			<filename>selawk.ttf</filename>
			<size>30</size>
		</font>
		<font>
			<name>fontContextMenu</name>
			<filename>selawk.ttf</filename>
			<size>25</size>
		</font>
		<!-- Title Fonts -->
		<font>
			<name>font10_title</name>
			<filename>selawkb.ttf</filename>
			<size>12</size>
		</font>
		<font>
			<name>font12_title</name>
			<filename>selawkb.ttf</filename>
			<size>17</size>
		</font>
		<font>
			<name>font13_title</name>
			<filename>selawkb.ttf</filename>
			<size>20</size>
		</font>
		<font>
			<name>font24_title</name>
			<filename>selawkb.ttf</filename>
			<size>24</size>
		</font>
		<font>
			<name>font28_title</name>
			<filename>selawkb.ttf</filename>
			<size>28</size>
		</font>
		<font>
			<name>font30_title</name>
			<filename>selawkb.ttf</filename>
			<size>30</size>
		</font>
		<font>
			<name>font35_title</name>
			<filename>selawkb.ttf</filename>
			<size>35</size>
		</font>
		<font>
			<name>font_MainMenu</name>
			<filename>selawk.ttf</filename>
			<size>10</size>
		</font>
		<font>
			<name>WeatherTemp</name>
			<filename>selawkb.ttf</filename>
			<size>80</size>
		</font>
	</fontset>
	<fontset id="DefaultNoCaps" idloc="31391">
		<!-- Normal Fonts -->
		<font>
			<name>font10</name>
			<filename>selawk.ttf</filename>
			<size>14</size>
		</font>
		<font>
			<name>font12</name>
			<filename>selawk.ttf</filename>
			<size>17</size>
		</font>
		<font>
			<name>font13</name>
			<filename>selawk.ttf</filename>
			<size>20</size>
		</font>
		<font>
			<name>font14</name>
			<filename>selawk.ttf</filename>
			<size>22</size>
		</font>
		<font>
			<name>font16</name>
			<filename>selawk.ttf</filename>
			<size>25</size>
		</font>
		<font>
			<name>font30</name>
			<filename>selawk.ttf</filename>
			<size>30</size>
		</font>
		<font>
			<name>fontContextMenu</name>
			<filename>selawk.ttf</filename>
			<size>18</size>
		</font>
		<!-- Title Fonts -->
		<font>
			<name>font10_title</name>
			<filename>selawkb.ttf</filename>
			<size>12</size>
		</font>
		<font>
			<name>font12_title</name>
			<filename>selawkb.ttf</filename>
			<size>17</size>
		</font>
		<font>
			<name>font13_title</name>
			<filename>selawkb.ttf</filename>
			<size>20</size>
		</font>
		<font>
			<name>font24_title</name>
			<filename>selawkb.ttf</filename>
			<size>24</size>
		</font>
		<font>
			<name>font28_title</name>
			<filename>selawkb.ttf</filename>
			<size>28</size>
		</font>
		<font>
			<name>font30_title</name>
			<filename>selawkb.ttf</filename>
			<size>30</size>
		</font>
		<font>
			<name>font35_title</name>
			<filename>selawkb.ttf</filename>
			<size>35</size>
		</font>
		<font>
			<name>font_MainMenu</name>
			<filename>selawk.ttf</filename>
			<size>10</size>
		</font>
		<font>
			<name>WeatherTemp</name>
			<filename>selawkb.ttf</filename>
			<size>80</size>
		</font>
	</fontset>
	<fontset id="Arial" idloc="31392">
		<!-- Arial Font better for non English -->
		<font>
			<name>font10</name>
			<filename>arial.ttf</filename>
			<size>12</size>
		</font>
		<font>
			<name>font12</name>
			<filename>arial.ttf</filename>
			<size>15</size>
		</font>
		<font>
			<name>font13</name>
			<filename>arial.ttf</filename>
			<size>18</size>
		</font>
		<font>
			<name>font14</name>
			<filename>arial.ttf</filename>
			<size>20</size>
		</font>
		<font>
			<name>font16</name>
			<filename>arial.ttf</filename>
			<size>23</size>
		</font>
		<font>
			<name>font30</name>
			<filename>arial.ttf</filename>
			<size>28</size>
		</font>
		<font>
			<name>fontContextMenu</name>
			<filename>arial.ttf</filename>
			<size>16</size>
		</font>
		<!-- Title Fonts -->
		<font>
			<name>font10_title</name>
			<filename>arial.ttf</filename>
			<size>10</size>
			<style>bold</style>
		</font>
		<font>
			<name>font12_title</name>
			<filename>arial.ttf</filename>
			<size>15</size>
			<style>bold</style>
		</font>
		<font>
			<name>font13_title</name>
			<filename>arial.ttf</filename>
			<size>18</size>
			<style>bold</style>
		</font>
		<font>
			<name>font24_title</name>
			<filename>arial.ttf</filename>
			<size>22</size>
			<style>bold</style>
		</font>
		<font>
			<name>font28_title</name>
			<filename>arial.ttf</filename>
			<size>26</size>
			<style>bold</style>
		</font>
		<font>
			<name>font30_title</name>
			<filename>arial.ttf</filename>
			<size>28</size>
			<style>bold</style>
		</font>
		<font>
			<name>font35_title</name>
			<filename>arial.ttf</filename>
			<size>33</size>
			<style>bold</style>
		</font>
		<font>
			<name>font_MainMenu</name>
			<filename>arial.ttf</filename>
			<size>15</size>
			<style>bold</style>
		</font>
		<font>
			<name>WeatherTemp</name>
			<filename>arial.ttf</filename>
			<size>80</size>
			<style>bold</style>
		</font>
	</fontset>
</fonts>
