<?xml version="1.0" encoding="UTF-8"?>
<window>
	<defaultcontrol always="true">9000</defaultcontrol>
	<onunload condition="Container(9000).Hasfocus(10) | Container(9000).Hasfocus(11) | ControlGroup(9010).HasFocus | ControlGroup(9016).HasFocus | ControlGroup(9017).HasFocus">SetProperty(VideosDirectLink,True)</onunload>
	<onunload condition="ControlGroup(9011).HasFocus">SetProperty(MusicDirectLink,True)</onunload>
	<onunload condition="Control.HasFocus(9000) + Container(9000).Hasfocus(2)">ClearProperty(VideosDirectLink)</onunload>
	<onunload condition="Control.HasFocus(9000) + Container(9000).Hasfocus(3)">ClearProperty(MusicDirectLink)</onunload>
	<controls>
		<control type="list" id="90160">
			<left>-10</left>
			<top>-10</top>
			<width>1</width>
			<height>1</height>
			<viewtype label="535">list</viewtype>
			<itemlayout height="1" width="1">
			</itemlayout>
			<focusedlayout height="1" width="1">
			</focusedlayout>
			<content target="video" limit="7">library://video/movies/</content>
			<visible>Library.HasContent(Movies)</visible>
		</control>
		<control type="list" id="90170">
			<left>-10</left>
			<top>-10</top>
			<width>1</width>
			<height>1</height>
			<viewtype label="535">list</viewtype>
			<itemlayout height="1" width="1">
			</itemlayout>
			<focusedlayout height="1" width="1">
			</focusedlayout>
			<content target="video" limit="7">library://video/tvshows/</content>
			<visible>Library.HasContent(TVShows)</visible>
		</control>
		<control type="list" id="90110">
			<left>-10</left>
			<top>-10</top>
			<width>1</width>
			<height>1</height>
			<viewtype label="535">list</viewtype>
			<itemlayout height="1" width="1">
			</itemlayout>
			<focusedlayout height="1" width="1">
			</focusedlayout>
			<content target="music" limit="6">library://music/</content>
			<visible>Library.HasContent(Music)</visible>
		</control>
		<include>CommonBackground</include>
		<include>MainWindowMouseButtons</include>
		<!-- Music Info -->
		<control type="group">
			<depth>DepthMenu</depth>
			<left>0</left>
			<top>60</top>
			<visible>Player.HasAudio + !Skin.HasSetting(homepageMusicinfo) + String.IsEmpty(Window(Videos).Property(PlayingBackgroundMedia))</visible>
			<include>VisibleFadeEffect</include>
			<include>Window_OpenClose_Animation</include>
			<control type="image">
				<description>Cover image</description>
				<left>20</left>
				<top>45</top>
				<width>130</width>
				<height>295</height>
				<aspectratio aligny="bottom">keep</aspectratio>
				<texture fallback="DefaultAlbumCover.png">$INFO[Player.Art(thumb)]</texture>
				<bordertexture border="8">ThumbBorder.png</bordertexture>
				<bordersize>5</bordersize>
			</control>
			<control type="label">
				<description>Album Label</description>
				<left>170</left>
				<top>265</top>
				<height>25</height>
				<width>1000</width>
				<label>$INFO[MusicPlayer.Artist,, - ]$INFO[MusicPlayer.Album]$INFO[musicplayer.discnumber, - $LOCALIZE[427]:]</label>
				<align>left</align>
				<aligny>center</aligny>
				<font>font12</font>
				<textcolor>white</textcolor>
				<shadowcolor>black</shadowcolor>
			</control>
			<control type="label">
				<description>Title label</description>
				<left>170</left>
				<top>285</top>
				<height>30</height>
				<width>1000</width>
				<label>$INFO[Player.Title]</label>
				<align>left</align>
				<aligny>center</aligny>
				<font>font13_title</font>
				<textcolor>white</textcolor>
				<shadowcolor>black</shadowcolor>
			</control>
			<control type="label">
				<description>Time Label</description>
				<left>170</left>
				<top>310</top>
				<height>30</height>
				<width>300</width>
				<label>$INFO[Player.Time]$INFO[Player.Duration,[COLOR=blue] / [/COLOR]]</label>
				<align>left</align>
				<aligny>center</aligny>
				<font>font12</font>
				<textcolor>white</textcolor>
				<shadowcolor>black</shadowcolor>
			</control>
		</control>
		<!-- LiveTV Info -->
		<control type="group">
			<depth>DepthMenu</depth>
			<left>490r</left>
			<top>70</top>
			<visible>Container(9000).HasFocus(12) + [PVR.IsRecording | PVR.HasNonRecordingTimer]</visible>
			<include>VisibleFadeEffect</include>
			<include>Window_OpenClose_Animation</include>
			<animation effect="fade" start="100" end="0" time="150" condition="Window.IsActive(Favourites)">conditional</animation>
			<control type="group">
				<animation effect="slide" start="0,0" end="0,100" time="0" condition="PVR.IsRecording">conditional</animation>
				<visible>PVR.HasNonRecordingTimer</visible>
				<control type="image">
					<left>0</left>
					<top>-5</top>
					<width>490</width>
					<height>90</height>
					<texture>gradient.png</texture>
				</control>
				<control type="image">
					<left>400</left>
					<top>0</top>
					<width>80</width>
					<height>80</height>
					<aspectratio>keep</aspectratio>
					<texture background="true" fallback="DefaultVideoCover.png">$INFO[PVR.NextRecordingChannelIcon]</texture>
					<bordertexture border="8">ThumbBorder.png</bordertexture>
					<bordersize>4</bordersize>
				</control>
				<control type="image">
					<left>365</left>
					<top>5</top>
					<width>25</width>
					<height>25</height>
					<aspectratio>keep</aspectratio>
					<texture>PVR-HasTimer.png</texture>
				</control>
				<control type="label">
					<description>Next Timer Header label</description>
					<left>-45</left>
					<top>5</top>
					<height>25</height>
					<width>400</width>
					<label>$LOCALIZE[19157]</label>
					<align>right</align>
					<aligny>center</aligny>
					<font>font12_title</font>
					<textcolor>blue</textcolor>
					<shadowcolor>black</shadowcolor>
				</control>
				<control type="label">
					<description>NextRecordingDateTime</description>
					<left>-10</left>
					<top>30</top>
					<height>25</height>
					<width>400</width>
					<label>$INFO[PVR.NextRecordingDateTime,$LOCALIZE[19126] - ]</label>
					<align>right</align>
					<aligny>center</aligny>
					<font>font12</font>
					<scroll>true</scroll>
					<shadowcolor>black</shadowcolor>
				</control>
				<control type="label">
					<description>NextRecordingTitle Channel</description>
					<left>-410</left>
					<top>50</top>
					<height>25</height>
					<width>800</width>
					<label>$INFO[PVR.NextRecordingTitle][COLOR=grey]$INFO[PVR.NextRecordingChannel, - [COLOR=blue]([/COLOR],[COLOR=blue])[/COLOR]][/COLOR]</label>
					<align>right</align>
					<aligny>center</aligny>
					<font>font12_title</font>
					<shadowcolor>black</shadowcolor>
					<scroll>true</scroll>
				</control>
			</control>
			<control type="group">
				<visible>PVR.IsRecording</visible>
				<control type="image">
					<left>0</left>
					<top>-5</top>
					<width>490</width>
					<height>90</height>
					<texture>gradient.png</texture>
				</control>
				<control type="image">
					<left>400</left>
					<top>0</top>
					<width>80</width>
					<height>80</height>
					<aspectratio>keep</aspectratio>
					<texture background="true" fallback="DefaultVideoCover.png">$INFO[PVR.NowRecordingChannelIcon]</texture>
					<bordertexture border="8">ThumbBorder.png</bordertexture>
					<bordersize>4</bordersize>
				</control>
				<control type="image">
					<left>365</left>
					<top>5</top>
					<width>25</width>
					<height>25</height>
					<aspectratio>keep</aspectratio>
					<texture>PVR-IsRecording.png</texture>
				</control>
				<control type="label">
					<description>Is Recording Header label</description>
					<left>-45</left>
					<top>5</top>
					<height>25</height>
					<width>400</width>
					<label>$LOCALIZE[19158]</label>
					<align>right</align>
					<aligny>center</aligny>
					<font>font12_title</font>
					<textcolor>blue</textcolor>
					<shadowcolor>black</shadowcolor>
				</control>
				<control type="label">
					<description>NextRecordingDateTime</description>
					<left>-10</left>
					<top>30</top>
					<height>25</height>
					<width>400</width>
					<label>$INFO[PVR.NowRecordingDateTime,$LOCALIZE[19126] - ]</label>
					<align>right</align>
					<aligny>center</aligny>
					<font>font12</font>
					<scroll>true</scroll>
					<shadowcolor>black</shadowcolor>
				</control>
				<control type="label">
					<description>NextRecordingTitle Channel</description>
					<left>-410</left>
					<top>50</top>
					<height>30</height>
					<width>800</width>
					<label>$INFO[PVR.NowRecordingTitle][COLOR=grey]$INFO[PVR.NowRecordingChannel, - [COLOR=blue]([/COLOR],[COLOR=blue])[/COLOR]][/COLOR]</label>
					<align>right</align>
					<aligny>center</aligny>
					<font>font12_title</font>
					<shadowcolor>black</shadowcolor>
					<scroll>true</scroll>
				</control>
			</control>
		</control>
		<!-- <include condition="!Skin.HasSetting(HomepageHideRecentlyAddedVideo) | !Skin.HasSetting(HomepageHideRecentlyAddedAlbums)">HomeRecentlyAddedInfo</include> -->
		<control type="button" id="9003">
			<description>Hidden Button to pass through navigation when recently added is disabled</description>
			<left>-20</left>
			<top>-20</top>
			<width>1</width>
			<height>1</height>
			<label/>
			<font/>
			<texturefocus/>
			<texturenofocus/>
			<onleft>9000</onleft>
			<onright>9000</onright>
			<onup>20</onup>
			<ondown condition="Control.IsVisible(600)">600</ondown>
			<ondown condition="!Control.IsVisible(600)">9000</ondown>
			<visible>false</visible>
		</control>
		<control type="group">
			<depth>DepthMenu-</depth>
			<description>Controls for currently playing media</description>
			<left>545r</left>
			<top>370</top>
			<animation effect="slide" start="0,0" end="365,0" time="225" condition="!Player.HasMedia">conditional</animation>
			<animation type="WindowOpen" reversible="false">
				<effect type="zoom" start="80" end="100" center="640,360" easing="out" tween="back" time="225" />
				<effect type="fade" start="0" end="100" time="225" />
			</animation>
			<animation type="WindowClose" reversible="false">
				<effect type="zoom" start="100" end="80" center="640,360" easing="in" tween="back" time="225" />
				<effect type="fade" start="100" end="0" time="225" />
			</animation>
			<visible>false + String.IsEmpty(Window(Videos).Property(PlayingBackgroundMedia))</visible>
			<control type="group" id="600">
				<left>180</left>
				<defaultcontrol/>
				<control type="image">
					<description>Background image</description>
					<left>0</left>
					<top>0</top>
					<width>205</width>
					<height>35</height>
					<texture flipy="true" border="0,5,0,0">HomeSubNF.png</texture>
					<colordiffuse>CCFFFFFF</colordiffuse>
				</control>
				<control type="group">
					<visible>!VideoPlayer.Content(LiveTV)</visible>
					<control type="button" id="601">
						<left>10</left>
						<top>2</top>
						<width>30</width>
						<height>30</height>
						<label/>
						<texturefocus>OSDPrevTrackFO.png</texturefocus>
						<texturenofocus>OSDPrevTrackNF.png</texturenofocus>
						<onleft>607</onleft>
						<onright>602</onright>
						<onup>9003</onup>
						<ondown>9000</ondown>
						<onclick>PlayerControl(Previous)</onclick>
					</control>
					<control type="button" id="602">
						<left>40</left>
						<top>2</top>
						<width>30</width>
						<height>30</height>
						<label/>
						<texturefocus>OSDRewindFO.png</texturefocus>
						<texturenofocus>OSDRewindNF.png</texturenofocus>
						<onleft>601</onleft>
						<onright>603</onright>
						<onup>9003</onup>
						<ondown>9000</ondown>
						<onclick>PlayerControl(Rewind)</onclick>
					</control>
					<control type="togglebutton" id="603">
						<left>70</left>
						<top>2</top>
						<width>30</width>
						<height>30</height>
						<label/>
						<texturefocus>OSDPauseFO.png</texturefocus>
						<texturenofocus>OSDPauseNF.png</texturenofocus>
						<usealttexture>Player.Paused | Player.Forwarding | Player.Rewinding</usealttexture>
						<alttexturefocus>OSDPlayFO.png</alttexturefocus>
						<alttexturenofocus>OSDPlayNF.png</alttexturenofocus>
						<onleft>602</onleft>
						<onright>604</onright>
						<onup>9003</onup>
						<ondown>9000</ondown>
						<onclick>PlayerControl(Play)</onclick>
					</control>
					<control type="button" id="604">
						<left>100</left>
						<top>2</top>
						<width>30</width>
						<height>30</height>
						<label/>
						<texturefocus>OSDStopFO.png</texturefocus>
						<texturenofocus>OSDStopNF.png</texturenofocus>
						<onleft>603</onleft>
						<onright>605</onright>
						<onup>9003</onup>
						<ondown>9000</ondown>
						<onclick>down</onclick>
						<onclick>PlayerControl(Stop)</onclick>
					</control>
					<control type="button" id="605">
						<left>130</left>
						<top>2</top>
						<width>30</width>
						<height>30</height>
						<label/>
						<texturefocus>OSDForwardFO.png</texturefocus>
						<texturenofocus>OSDForwardNF.png</texturenofocus>
						<onleft>604</onleft>
						<onright>606</onright>
						<onup>9003</onup>
						<ondown>9000</ondown>
						<onclick>PlayerControl(Forward)</onclick>
					</control>
					<control type="button" id="606">
						<left>160</left>
						<top>2</top>
						<width>30</width>
						<height>30</height>
						<label/>
						<texturefocus>OSDNextTrackFO.png</texturefocus>
						<texturenofocus>OSDNextTrackNF.png</texturenofocus>
						<onleft>605</onleft>
						<onright>607</onright>
						<onup>9003</onup>
						<ondown>9000</ondown>
						<onclick>PlayerControl(Next)</onclick>
					</control>
				</control>
				<control type="group" id="600">
					<visible>VideoPlayer.Content(LiveTV)</visible>
					<control type="button" id="601">
						<left>10</left>
						<top>2</top>
						<width>30</width>
						<height>30</height>
						<label/>
						<texturefocus>OSDChannelUPFO.png</texturefocus>
						<texturenofocus>OSDChannelUPNF.png</texturenofocus>
						<onleft>607</onleft>
						<onright>602</onright>
						<onup>9003</onup>
						<ondown>9000</ondown>
						<onclick>ChannelDown</onclick>
					</control>
					<control type="button" id="602">
						<left>40</left>
						<top>2</top>
						<width>30</width>
						<height>30</height>
						<label/>
						<texturefocus>OSDChannelDownFO.png</texturefocus>
						<texturenofocus>OSDChannelDownNF.png</texturenofocus>
						<onleft>601</onleft>
						<onright>603</onright>
						<onup>9003</onup>
						<ondown>9000</ondown>
						<onclick>ChannelUp</onclick>
					</control>
					<control type="button" id="603">
						<left>70</left>
						<top>2</top>
						<width>30</width>
						<height>30</height>
						<label/>
						<texturefocus>OSDStopFO.png</texturefocus>
						<texturenofocus>OSDStopNF.png</texturenofocus>
						<onleft>602</onleft>
						<onright>604</onright>
						<onup>9003</onup>
						<ondown>9000</ondown>
						<onclick>down</onclick>
						<onclick>PlayerControl(Stop)</onclick>
					</control>
					<control type="togglebutton" id="604">
						<left>100</left>
						<top>2</top>
						<width>30</width>
						<height>30</height>
						<label/>
						<texturefocus>OSDPauseFO.png</texturefocus>
						<texturenofocus>OSDPauseNF.png</texturenofocus>
						<usealttexture>Player.Paused | Player.Forwarding | Player.Rewinding</usealttexture>
						<alttexturefocus>OSDPlayFO.png</alttexturefocus>
						<alttexturenofocus>OSDPlayNF.png</alttexturenofocus>
						<onleft>603</onleft>
						<onright>605</onright>
						<onup>9003</onup>
						<ondown>9000</ondown>
						<onclick>PlayerControl(Play)</onclick>
						<enable>Player.PauseEnabled</enable>
						<animation effect="fade" start="100" end="30" time="75" condition="!Player.PauseEnabled">Conditional</animation>
					</control>
					<control type="button" id="605">
						<left>130</left>
						<top>2</top>
						<width>30</width>
						<height>30</height>
						<label/>
						<texturefocus>OSDRadioRDSFO.png</texturefocus>
						<texturenofocus>OSDRadioRDSNF.png</texturenofocus>
						<onleft>604</onleft>
						<onright>606</onright>
						<onup>9003</onup>
						<ondown>9000</ondown>
						<onclick>ActivateWindow(PVRRadioRDSInfo)</onclick>
						<enable>RDS.HasRadiotextPlus</enable>
						<animation effect="fade" start="100" end="30" time="75" condition="!RDS.HasRadiotextPlus">Conditional</animation>
					</control>
					<control type="button" id="606">
						<left>160</left>
						<top>2</top>
						<width>30</width>
						<height>30</height>
						<label/>
						<texturefocus>OSDRecordOffFO.png</texturefocus>
						<texturenofocus>OSDRecordOffNF.png</texturenofocus>
						<onleft>605</onleft>
						<onright>607</onright>
						<onup>9003</onup>
						<ondown>9000</ondown>
						<onclick>PVR.ToggleRecordPlayingChannel</onclick>
					</control>
				</control>
			</control>
			<control type="radiobutton" id="607">
				<colordiffuse>CCFFFFFF</colordiffuse>
				<description>Go to fullscreen Playback</description>
				<left>385</left>
				<top>0</top>
				<height>35</height>
				<width>160</width>
				<textwidth>150</textwidth>
				<textoffsetx>10</textoffsetx>
				<align>left</align>
				<aligny>center</aligny>
				<font>font12</font>
				<textcolor>grey2</textcolor>
				<focusedcolor>white</focusedcolor>
				<texturefocus flipy="true" border="5">HomeSubFO.png</texturefocus>
				<texturenofocus flipy="true" border="5">HomeSubNF.png</texturenofocus>
				<pulseonselect>false</pulseonselect>
				<label>31008</label>
				<onclick>fullscreen</onclick>
				<textureradioonfocus>GoFullscreen.png</textureradioonfocus>
				<textureradioonnofocus>GoFullscreen.png</textureradioonnofocus>
				<textureradioofffocus>GoFullscreen.png</textureradioofffocus>
				<textureradiooffnofocus>GoFullscreen.png</textureradiooffnofocus>
				<onleft>606</onleft>
				<onright>601</onright>
				<onup>9003</onup>
				<ondown>9000</ondown>
				<enable>Player.HasMedia</enable>
			</control>
		</control>
		<control type="group">
			<depth>DepthMenu</depth>
			<top>500</top>
			<left>100</left>

		</control>
		<!-- <control type="fixedlist">
			<left>100</left>
			<top>100</top>
			<viewtype label="535">list</viewtype>
			<itemlayout height="50" width="150">
				<control type="label">
					<textcolor>lightblue</textcolor>
					<label>$INFO[ListItem.Label]</label>
					<font>font16_lcase</font>
				</control>
			</itemlayout>
			<focusedlayout height="50" width="150">
				<control type="label">
					<textcolor>white</textcolor>
					<label>$INFO[ListItem.Label]</label>
					<font>font16_lcase</font>
				</control>
			</focusedlayout>
			<content>plugin://script.embuary.helper/?info=getnextup</content>
			<visible>false</visible>
		</control> -->
		<control type="group">
			<depth>DepthMenu</depth>
			<top>125</top>
			<animation type="WindowOpen" reversible="false">
				<effect type="zoom" start="80" end="100" center="640,360" easing="out" tween="back" time="225" />
				<effect type="fade" start="0" end="100" time="225" />
			</animation>
			<animation type="WindowClose" reversible="false">
				<effect type="zoom" start="100" end="80" center="640,360" easing="in" tween="back" time="225" />
				<effect type="fade" start="100" end="0" time="225" />
			</animation>


			<control type="fixedlist" id="90007">
				<top>430</top>
				<include>HomeSubMenuBase</include>
				<include>VisibleFadeEffect</include>
				<visible>Container(9000).HasFocus(7)</visible>
				<content>
					<item id="1">
						<label>weather sources</label>
					</item>
					<item id="2">
						<label>view weather</label>
					</item>
					<item id="3">
						<label>weather add-ons</label>
					</item>
				</content>
			</control>
			<control type="fixedlist" id="90004">
				<include>HomeSubMenuBase</include>
				<include>VisibleFadeEffect</include>
				<visible>Container(9000).HasFocus(4)</visible>
				<content>
					<item id="1">
						<label>add pictures</label>
						<icon>homeIcons/addPictures.png</icon>
						<property name="unfocusedIcon">homeIcons/addPicturesNoFocus.png</property>
					</item>
					<item id="2">
						<label>view pictures</label>
						<icon>homeIcons/viewPictures.png</icon>
						<property name="unfocusedIcon">homeIcons/viewPicturesNoFocus.png</property>
					</item>
					<item id="3">
						<label>picture add-ons</label>
						<icon>homeIcons/pictureAddons.png</icon>
						<property name="unfocusedIcon">homeIcons/pictureAddonsNoFocus.png</property>
						<onclick>ActivateWindow(addonbrowser,addons://user/xbmc.addon.image/)</onclick>
					</item>
				</content>
			</control>
			<control type="fixedlist" id="90014">
				<include>HomeSubMenuBase</include>
				<include>VisibleFadeEffect</include>
				<visible>Container(9000).HasFocus(14)</visible>
				<content>
					<item id="1">
						<label>add games</label>
						<icon>homeIcons/addGames.png</icon>
						<property name="unfocusedIcon">homeIcons/addGamesNoFocus.png</property>
					</item>
					<item id="2">
						<label>play games</label>
						<icon>homeIcons/playGames.png</icon>
						<property name="unfocusedIcon">homeIcons/playGamesNoFocus.png</property>
					</item>
					<item id="3">
						<label>game add-ons</label>
						<icon>homeIcons/gameAddons.png</icon>
						<property name="unfocusedIcon">homeIcons/gameAddonsNoFocus.png</property>
					</item>
				</content>
			</control>
			<control type="fixedlist" id="90012">
				<include>HomeSubMenuBase</include>
				<include>VisibleFadeEffect</include>
				<visible>Container(9000).HasFocus(12)</visible>
				<content>
					<item id="1">
						<label>recorded tv</label>
						<onclick>ActivateWindow(TVRecordings)</onclick>
						<icon>homeIcons/recordedTV.png</icon>
						<property name="unfocusedIcon">homeIcons/recordedTVNoFocus.png</property>
					</item>
					<item id="2">
						<label>channels</label>
						<onclick>ActivateWindow(TVChannels)</onclick>
						<icon>homeIcons/channels.png</icon>
						<property name="unfocusedIcon">homeIcons/channelsNoFocus.png</property>
					</item>
					<item id="3">
						<label>guide</label>
						<onclick>ActivateWindow(TVGuide)</onclick>
						<icon>homeIcons/guide.png</icon>
						<property name="unfocusedIcon">homeIcons/guideNoFocus.png</property>
					</item>
					<item id="4">
						<label>live tv</label>
						<onclick>Action(PlayPvrTV)</onclick>
						<icon>homeIcons/liveTV.png</icon>
						<property name="unfocusedIcon">homeIcons/liveTVNoFocus.png</property>
					</item>
					<item id="5">
						<label>restart pvr</label>
						<icon>homeIcons/restart.png</icon>
						<property name="unfocusedIcon">homeIcons/restartNoFocus.png</property>
						<onclick>ActivateWindow(TVChannels)</onclick>
					</item>
					<item id="6">
						<label>live tv setup</label>
						<icon>homeIcons/settings.png</icon>
						<property name="unfocusedIcon">homeIcons/settingsNoFocus.png</property>
						<onclick>ActivateWindow(TVChannels)</onclick>
					</item>
				</content>
			</control>
			<control type="fixedlist" id="90002">
				<include>HomeSubMenuBase</include>
				<include>VisibleFadeEffect</include>
				<visible>Container(9000).HasFocus(2)</visible>
				<content>
					<item id="1">
						<label>files</label>
						<onclick>ActivateWindow(Videos,sources://video/,return)</onclick>
						<icon>homeIcons/files.png</icon>
						<property name="unfocusedIcon">homeIcons/filesNoFocus.png</property>
					</item>
					<item id="2">
						<label>playlists</label>
						<onclick>ActivateWindow(Videos,special://videoplaylists/,return)</onclick>
						<icon>homeIcons/playlist.png</icon>
						<property name="unfocusedIcon">homeIcons/playlistNoFocus.png</property>
					</item>
					<item id="3">
						<label>video add-ons</label>
						<onclick>ActivateWindow(Videos,addons://sources/video/)</onclick>
						<icon>homeIcons/videoAddons.png</icon>
						<property name="unfocusedIcon">homeIcons/videoAddonsNoFocus.png</property>
					</item>
					<item id="4">
						<label>movies</label>
						<onclick>ActivateWindow(Videos,videodb://movies/titles/,return)</onclick>
						<icon>homeIcons/movieLibrary.png</icon>
						<property name="unfocusedIcon">homeIcons/movieLibraryNoFocus.png</property>
					</item>
					<item id="5">
						<label>tv shows</label>
						<onclick>ActivateWindow(Videos,TvShowTitles,return)</onclick>
						<icon>homeIcons/TVLibrary.png</icon>
						<property name="unfocusedIcon">homeIcons/TVLibraryNoFocus.png</property>
					</item>
				</content>
			</control>
			<control type="fixedlist" id="90010">
				<include>HomeSubMenuBase</include>
				<include>VisibleFadeEffect</include>
				<visible>Container(9000).HasFocus(10)</visible>
				<content>
					<item id="1">
						<label>search</label>
						<icon>homeIcons/search.png</icon>
						<property name="unfocusedIcon">homeIcons/searchNoFocus.png</property>
					</item>
					<item id="2">
						<label>movie library</label>
						<onclick>ActivateWindow(Videos,videodb://movies/titles/,return)</onclick>
						<icon>homeIcons/movieLibrary.png</icon>
						<property name="unfocusedIcon">homeIcons/movieLibraryNoFocus.png</property>
					</item>
					<item id="3">
						<label>in theaters</label>
						<onclick>ActivateWindow(Videos,plugin://script.embuary.info/movie/now_playing,return)</onclick>
						<icon>homeIcons/inTheaters.png</icon>
						<property name="unfocusedIcon">homeIcons/inTheatersNoFocus.png</property>
					</item>
					<item id="4">
						<label>person library</label>
						<onclick>ActivateWindow(Videos,MovieActors,return)</onclick>
						<icon>homeIcons/people.png</icon>
						<property name="unfocusedIcon">homeIcons/peopleNoFocus.png</property>
					</item>
				</content>
			</control>
			<control type="fixedlist" id="90011">
				<include>HomeSubMenuBase</include>
				<include>VisibleFadeEffect</include>
				<visible>Container(9000).HasFocus(11)</visible>
				<content>
					<item id="1">
						<label>search</label>
						<icon>homeIcons/search.png</icon>
						<property name="unfocusedIcon">homeIcons/searchNoFocus.png</property>
					</item>
					<item id="2">
						<label>tv series library</label>
						<onclick>ActivateWindow(Videos,TvShowTitles,return)</onclick>
						<icon>homeIcons/TVLibrary.png</icon>
						<property name="unfocusedIcon">homeIcons/TVLibraryNoFocus.png</property>
					</item>
					<item id="3">
						<label>person library</label>
						<onclick>ActivateWindow(Videos,TvShowActors,return)</onclick>
						<icon>homeIcons/people.png</icon>
						<property name="unfocusedIcon">homeIcons/peopleNoFocus.png</property>
					</item>
				</content>
			</control>
			<!-- <control type="fixedlist" id="90015">
				<include>HomeSubMenuBase</include>
				<include>VisibleFadeEffect</include>
				<visible>Container(9000).HasFocus(15)</visible>
				<content>plugin://script.embuary.helper/?info=getnextup</content>
			</control> -->
			<control type="fixedlist" id="90003">
				<include>HomeSubMenuBase</include>
				<include>VisibleFadeEffect</include>
				<visible>Container(9000).HasFocus(3)</visible>
				<content>
					<item id="1">
						<label>files</label>
						<onclick>ActivateWindow(music,sources://music/)</onclick>
						<icon>homeIcons/files.png</icon>
						<property name="unfocusedIcon">homeIcons/filesNoFocus.png</property>
					</item>
					<item id="1">
						<label>music library</label>
						<onclick>ActivateWindow(music,musicdb://albums/,return)</onclick>
						<icon>homeIcons/songs.png</icon>
						<property name="unfocusedIcon">homeIcons/songsNoFocus.png</property>
					</item>
					<item id="3">
						<label>playlists</label>
						<onclick>ActivateWindow(music,special://musicplaylists/,return)</onclick>
						<icon>homeIcons/playlist.png</icon>
						<property name="unfocusedIcon">homeIcons/playlistNoFocus.png</property>
					</item>
					<item id="4">
						<label>music add-ons</label>
						<onclick>ActivateWindow(addonbrowser,addons://sources/audio/,return)</onclick>
						<icon>homeIcons/musicAddons.png</icon>
						<property name="unfocusedIcon">homeIcons/musicAddonsNoFocus.png</property>
					</item>
				</content>
			</control>
			<control type="fixedlist" id="90001">
				<include>HomeSubMenuBase</include>
				<include>VisibleFadeEffect</include>
				<visible>Container(9000).HasFocus(1)</visible>
				<content>
					<item id="1">
						<label>download add-ons</label>
						<onclick>ActivateWindow(addonbrowser,addons://install/)</onclick>
						<icon>homeIcons/download.png</icon>
						<property name="unfocusedIcon">homeIcons/downloadNoFocus.png</property>
					</item>
					<item id="2">
						<label>video add-ons</label>
						<onclick>ActivateWindow(addonbrowser,addons://user/xbmc.addon.video/)</onclick>
						<icon>homeIcons/videoAddons.png</icon>
						<property name="unfocusedIcon">homeIcons/videoAddonsNoFocus.png</property>
					</item>
					<item id="3">
						<label>program add-ons</label>
						<onclick>ActivateWindow(addonbrowser,addons://user/xbmc.addon.executable/)</onclick>
						<icon>homeIcons/addons.png</icon>
						<property name="unfocusedIcon">homeIcons/addonsNoFocus.png</property>
					</item>
					<item id="4">
						<label>music add-ons</label>
						<onclick>ActivateWindow(addonbrowser,addons://user/xbmc.addon.audio/)</onclick>
						<icon>homeIcons/musicAddons.png</icon>
						<property name="unfocusedIcon">homeIcons/musicAddonsNoFocus.png</property>
					</item>
					<item id="5">
						<label>game add-ons</label>
						<onclick>ActivateWindow(addonbrowser,addons://user/xbmc.addon.game/)</onclick>
						<icon>homeIcons/gameAddons.png</icon>
						<property name="unfocusedIcon">homeIcons/gameAddonsNoFocus.png</property>
					</item>
					<item id="6">
						<label>all add-ons</label>
						<onclick>ActivateWindow(addonbrowser,addons://user/all/)</onclick>
						<icon>homeIcons/allAddons.png</icon>
						<property name="unfocusedIcon">homeIcons/allAddonsNoFocus.png</property>
					</item>
				</content>
			</control>
			<control type="fixedlist" id="90009">
				<top>630</top>
				<include>HomeSubMenuBase</include>
				<include>VisibleFadeEffect</include>
				<visible>Container(9000).HasFocus(5)</visible>
				<content>
					<item id="1">
						<label>power</label>
						<onclick>ActivateWindow(ShutdownMenu)</onclick>
						<icon>homeIcons/power.png</icon>
						<property name="unfocusedIcon">homeIcons/powerNoFocus.png</property>
					</item>
					<item id="2">
						<label>all settings</label>
						<onclick>ActivateWindow(10004)</onclick>
						<icon>homeIcons/allSettings.png</icon>
						<property name="unfocusedIcon">homeIcons/allSettingsNoFocus.png</property>
					</item>
					<item id="3">
						<label>system information</label>
						<onclick>ActivateWindow(10016)</onclick>
						<icon>homeIcons/systemInformation.png</icon>
						<property name="unfocusedIcon">homeIcons/systemInformationNoFocus.png</property>
					</item>
					<item id="4">
						<label>skin settings</label>
						<onclick>ActivateWindow(10035)</onclick>
						<icon>kodi-button.png</icon>
						<property name="unfocusedIcon">kodi-button.png</property>
					</item>
					<item id="4">
						<label>interface</label>
						<onclick>ActivateWindow(10032)</onclick>
						<icon>homeIcons/interface.png</icon>
						<property name="unfocusedIcon">homeIcons/interfaceNoFocus.png</property>
					</item>
					<item id="5">
						<label>player</label>
						<onclick>ActivateWindow(10030)</onclick>
						<icon>homeIcons/allSettings.png</icon>
						<property name="unfocusedIcon">homeIcons/allSettingsNoFocus.png</property>
					</item>
				</content>
			</control>




			<control type="fixedlist" id="9000">
				<left>325</left>
				<top>0</top>
				<width>1500</width>
				<height>1000</height>
				<onleft>601</onleft>
				<onright>9001</onright>
				<onup>9000</onup>
				<ondown>9000</ondown>
				<pagecontrol/>
				<scrolltime>300</scrolltime>
				<focusposition>4</focusposition>
				<movement>1</movement>
				<orientation>Vertical</orientation>
				<onfocus>SetFocus($INFO[ListItem.Property(focusId)])</onfocus>
				<itemlayout height="100" width="800">
					<control type="label">
						<left>25</left>
						<top>0</top>
						<width>800</width>
						<height>70</height>
						<font>font_MainMenu</font>
						<textcolor>whiteTransparent</textcolor>
						<align>left</align>
						<aligny>center</aligny>
						<label>$INFO[ListItem.Label]</label>
					</control>
				</itemlayout>
				<focusedlayout height="450" width="800">
					<control type="label">
						<left>5</left>
						<top>10</top>
						<width>800</width>
						<height>65</height>
						<font>font_MainMenu</font>
						<textcolor>white</textcolor>
						<align>left</align>
						<aligny>top</aligny>
						<label>$INFO[ListItem.Label]</label>
					</control>
				</focusedlayout>
				<content>
					<item id="7">
						<label>31950</label>
						<onclick condition="!String.IsEmpty(Weather.Plugin)">ActivateWindow(Weather)</onclick>
						<onclick condition="String.IsEmpty(Weather.Plugin)">ActivateWindow(servicesettings,weather)</onclick>
						<icon/>
						<thumb/>
						<visible>[!Skin.HasSetting(HomeMenuNoWeatherButton) + !System.IsMaster] | [!Skin.HasSetting(MasterHomeMenuNoWeatherButton) + System.IsMaster]</visible>
						<property name="focusId">$NUMBER[90007]</property>
					</item>
					<item id="4">
						<label>31951</label>
						<onclick>ActivateWindow(Pictures)</onclick>
						<icon/>
						<thumb/>
						<visible>[!Skin.HasSetting(HomeMenuNoPicturesButton) + !System.IsMaster] | [!Skin.HasSetting(MasterHomeMenuNoPicturesButton) + System.IsMaster]</visible>
						<property name="focusId">$NUMBER[90004]</property>
					</item>
					<item id="14">
						<label>31001</label>
						<onclick>ActivateWindow(Games)</onclick>
						<icon/>
						<thumb/>
						<visible>[!Skin.HasSetting(HomeMenuNoGamesButton) + !System.IsMaster] | [!Skin.HasSetting(MasterHomeMenuNoGamesButton) + System.IsMaster]</visible>
						<property name="focusId">$NUMBER[90014]</property>
					</item>
					<item id="13">
						<label>31960</label>
						<onclick>ActivateWindow(RadioChannels)</onclick>
						<icon/>
						<thumb/>
						<visible>PVR.HasRadioChannels</visible>
						<property name="focusId">$NUMBER[90013]</property>
					</item>
					<item id="12">
						<label>31952</label>
						<onclick>ActivateWindow(TVChannels)</onclick>
						<icon/>
						<thumb/>
						<visible>true | PVR.HasTVChannels</visible>
						<property name="focusId">$NUMBER[90012]</property>
					</item>
					<item id="2">
						<label>31953</label>
						<onclick condition="String.IsEqual(Window.Property(VideosDirectLink),True)">ActivateWindow(Videos)</onclick>
						<onclick condition="!String.IsEqual(Window.Property(VideosDirectLink),True)">ActivateWindow(Videos,root)</onclick>
						<icon/>
						<thumb/>
						<visible>[!Skin.HasSetting(HomeMenuNoVideosButton) + !System.IsMaster] | [!Skin.HasSetting(MasterHomeMenuNoVideosButton) + System.IsMaster]</visible>
						<property name="focusId">$NUMBER[90002]</property>
					</item>
					<item id="10">
						<label>31954</label>
						<onclick condition="System.IsMaster | !Skin.HasSetting(HomeMenuMovieUsePlaylist)">ActivateWindow(Videos,MovieTitles,return)</onclick>
						<onclick condition="!System.IsMaster + Skin.HasSetting(HomeMenuMovieUsePlaylist)">ActivateWindow(Videos,$INFO[Skin.String(HomeMenuMoviePlaylist)],return)</onclick>
						<icon/>
						<thumb/>
						<visible>[[!Skin.HasSetting(HomeMenuNoMovieButton) + !System.IsMaster] | [!Skin.HasSetting(MasterHomeMenuNoMovieButton) + System.IsMaster]] + Library.HasContent(Movies)</visible>
						<property name="focusId">$NUMBER[90010]</property>
					</item>
					<item id="11">
						<label>31955</label>
						<onclick condition="System.IsMaster | !Skin.HasSetting(HomeMenuTVShowUsePlaylist)">ActivateWindow(Videos,TVShowTitles,return)</onclick>
						<onclick condition="!System.IsMaster + Skin.HasSetting(HomeMenuTVShowUsePlaylist)">ActivateWindow(Videos,$INFO[Skin.String(HomeMenuTVShowPlaylist)],return)</onclick>
						<icon/>
						<thumb/>
						<visible>[[!Skin.HasSetting(HomeMenuNoTVShowButton) + !System.IsMaster] | [!Skin.HasSetting(MasterHomeMenuNoTVShowButton) + System.IsMaster]] + Library.HasContent(TVShows)</visible>
						<property name="focusId">$NUMBER[90011]</property>
					</item>
					<item id="3">
						<label>31956</label>
						<onclick condition="[System.IsMaster | !Skin.HasSetting(HomeMenuMusicUsePlaylist)] + String.IsEqual(Window.Property(MusicDirectLink),True)">ActivateWindow(Music)</onclick>
						<onclick condition="[System.IsMaster | !Skin.HasSetting(HomeMenuMusicUsePlaylist)] + !String.IsEqual(Window.Property(MusicDirectLink),True)">ActivateWindow(Music,root)</onclick>
						<onclick condition="!System.IsMaster + Skin.HasSetting(HomeMenuMusicUsePlaylist)">ActivateWindow(Music,$INFO[Skin.String(HomeMenuMusicPlaylist)],return)</onclick>
						<icon/>
						<thumb/>
						<visible>[!Skin.HasSetting(HomeMenuNoMusicButton) + !System.IsMaster] | [!Skin.HasSetting(MasterHomeMenuNoMusicButton) + System.IsMaster]</visible>
						<property name="focusId">$NUMBER[90003]</property>
					</item>
					<item id="1">
						<label>31957</label>
						<onclick condition="!System.Platform.Android">ActivateWindow(Programs,Addons,return)</onclick>
						<onclick condition="System.Platform.Android">ActivateWindow(Programs)</onclick>
						<icon/>
						<thumb/>
						<visible>[!Skin.HasSetting(HomeMenuNoProgramsButton) + !System.IsMaster] | [!Skin.HasSetting(MasterHomeMenuNoProgramsButton) + System.IsMaster]</visible>
						<property name="focusId">$NUMBER[90001]</property>
					</item>
					<item id="6">
						<label>31958</label>
						<onclick>PlayDVD()</onclick>
						<icon/>
						<thumb/>
						<visible>System.HasMediaDVD | System.HasMediaAudioCD</visible>
						<property name="focusId">$NUMBER[90006]</property>
					</item>
					<item id="5">
						<label>31959</label>
						<onclick>ActivateWindow(Settings)</onclick>
						<icon/>
						<thumb/>
						<visible>[!Skin.HasSetting(HomeMenuNoSystemButton) + !System.IsMaster] | System.IsMaster</visible>
						<property name="focusId">$NUMBER[90009]</property>
					</item>
				</content>
			</control>
		</control>
		<control type="group" id="9002">
			<depth>DepthMenu</depth>
			<control type="fixedlist" id="700">
				<animation effect="slide" start="0,0" end="-91,0" time="0" condition="String.IsEqual(Container(700).NumItems,2) | String.IsEqual(Container(700).NumItems,4)">conditional</animation>
				<visible>Container(9000).HasFocus(2) | Container(9000).HasFocus(10) | Container(9000).HasFocus(11)</visible>
				<onleft>700</onleft>
				<onright>700</onright>
				<onup>9001</onup>
				<ondown>21</ondown>
				<include>HomeAddonsCommonLayout</include>
				<content>
					<include>HomeAddonItemsVideos</include>
				</content>
			</control>
			<control type="fixedlist" id="703">
				<animation effect="slide" start="0,0" end="-91,0" time="0" condition="String.IsEqual(Container(703).NumItems,2) | String.IsEqual(Container(703).NumItems,4)">conditional</animation>
				<visible>Container(9000).HasFocus(3)</visible>
				<onleft>703</onleft>
				<onright>703</onright>
				<onup>9001</onup>
				<ondown>21</ondown>
				<include>HomeAddonsCommonLayout</include>
				<content>
					<include>HomeAddonItemsMusic</include>
				</content>
			</control>
			<control type="fixedlist" id="704">
				<animation effect="slide" start="0,0" end="-91,0" time="0" condition="String.IsEqual(Container(704).NumItems,2) | String.IsEqual(Container(704).NumItems,4)">conditional</animation>
				<visible>Container(9000).HasFocus(4)</visible>
				<onleft>704</onleft>
				<onright>704</onright>
				<onup>9001</onup>
				<ondown>21</ondown>
				<include>HomeAddonsCommonLayout</include>
				<content>
					<include>HomeAddonItemsPictures</include>
				</content>
			</control>
			<control type="fixedlist" id="705">
				<animation effect="slide" start="0,0" end="-91,0" time="0" condition="String.IsEqual(Container(705).NumItems,2) | String.IsEqual(Container(705).NumItems,4)">conditional</animation>
				<visible>Container(9000).HasFocus(1)</visible>
				<onleft>705</onleft>
				<onright>705</onright>
				<onup>9001</onup>
				<ondown>21</ondown>
				<include>HomeAddonsCommonLayout</include>
				<content>
					<include>HomeAddonItemsPrograms</include>
				</content>
			</control>
			<control type="fixedlist" id="706">
				<animation effect="slide" start="0,0" end="-91,0" time="0" condition="String.IsEqual(Container(706).NumItems,2) | String.IsEqual(Container(706).NumItems,4)">conditional</animation>
				<visible>Container(9000).HasFocus(14)</visible>
				<onleft>706</onleft>
				<onright>706</onright>
				<onup>9001</onup>
				<ondown>21</ondown>
				<include>HomeAddonsCommonLayout</include>
				<content>
					<include>HomeAddonItemsGames</include>
				</content>
			</control>
		</control>
		<control type="group">
			<depth>DepthMenu-</depth>
			<left>0</left>
			<top>33r</top>
			<visible>system.getbool(lookandfeel.enablerssfeeds)</visible>
			<include>Window_OpenClose_Animation</include>
			<control type="rss">
				<description>RSS feed</description>
				<left>100</left>
				<top>0</top>
				<height>30</height>
				<width>1145</width>
				<font>font12</font>
				<urlset>1</urlset>
				<textcolor>blue</textcolor>
				<titlecolor>blue</titlecolor>
				<headlinecolor>white</headlinecolor>
			</control>
			<control type="image">
				<description>RSS background</description>
				<left>1250</left>
				<top>2</top>
				<width>24</width>
				<height>24</height>
				<texture>icon-rss.png</texture>
			</control>
		</control>
		<control type="group" id="10">
			<visible>false</visible>
			<depth>DepthFooter</depth>
			<left>20</left>
			<top>55</top>
			<include>Window_OpenClose_Animation</include>
			<control type="group">
				<visible>!Skin.HasSetting(HomepageHideFavourite)</visible>
				<control type="button" id="20">
					<description>Favourites push button</description>
					<left>55</left>
					<top>0</top>
					<width>45</width>
					<height>45</height>
					<label>31003</label>
					<font/>
					<onclick>ActivateWindow(Favourites)</onclick>
					<texturefocus>floor_buttonFO.png</texturefocus>
					<texturenofocus>floor_button.png</texturenofocus>
					<onleft>21</onleft>
					<onright>22</onright>
					<onup>9002</onup>
					<ondown>9003</ondown>
				</control>
				<control type="image">
					<description>Favourites Icon</description>
					<left>60</left>
					<top>5</top>
					<width>35</width>
					<height>35</height>
					<aspectratio>keep</aspectratio>
					<texture>icon_favourites.png</texture>
				</control>
			</control>
			<control type="group">
				<control type="button" id="21">
					<description>Power push button</description>
					<left>0</left>
					<top>0</top>
					<width>45</width>
					<height>45</height>
					<label>1036</label>
					<font/>
					<onclick>ActivateWindow(ShutdownMenu)</onclick>
					<texturefocus>floor_buttonFO.png</texturefocus>
					<texturenofocus>floor_button.png</texturenofocus>
					<onleft>22</onleft>
					<onright>20</onright>
					<onup>9002</onup>
					<ondown>9003</ondown>
				</control>
				<control type="image">
					<description>Power Icon</description>
					<left>5</left>
					<top>5</top>
					<width>35</width>
					<height>35</height>
					<aspectratio>keep</aspectratio>
					<texture>icon_power.png</texture>
				</control>
			</control>
			<control type="group">
				<visible>!Skin.HasSetting(HomepageHideSearch)</visible>
				<animation effect="slide" start="0,0" end="-55,0" time="0" condition="Skin.HasSetting(HomepageHideFavourite)">conditional</animation>
				<control type="button" id="22">
					<description>Search push button</description>
					<left>110</left>
					<top>0</top>
					<width>45</width>
					<height>45</height>
					<label>137</label>
					<font/>
					<onclick condition="System.AddonIsEnabled(script.globalsearch)">RunScript(script.globalsearch)</onclick>
					<onclick condition="!System.AddonIsEnabled(script.globalsearch) + System.HasAddon(script.globalsearch)">EnableAddon(script.globalsearch)</onclick>
					<onclick condition="!System.HasAddon(script.globalsearch)">InstallAddon(script.globalsearch)</onclick>
					<texturefocus>floor_buttonFO.png</texturefocus>
					<texturenofocus>floor_button.png</texturenofocus>
					<onleft>20</onleft>
					<onright>23</onright>
					<onup>9002</onup>
					<ondown>9003</ondown>
				</control>
				<control type="image">
					<description>Search Icon</description>
					<left>115</left>
					<top>5</top>
					<width>35</width>
					<height>35</height>
					<aspectratio>keep</aspectratio>
					<texture>icon_search.png</texture>
				</control>
			</control>
			<control type="group">
				<visible>!Skin.HasSetting(HomepageHideSearch)</visible>
				<animation effect="slide" start="0,0" end="-55,0" time="0" condition="Skin.HasSetting(HomepageHideFavourite)">conditional</animation>
				<control type="button" id="23">
					<description>Reload Skin</description>
					<left>165</left>
					<top>0</top>
					<width>45</width>
					<height>45</height>
					<label>137</label>
					<font/>
					<onclick>ReloadSkin()</onclick>
					<texturefocus>floor_buttonFO.png</texturefocus>
					<texturenofocus>floor_button.png</texturenofocus>
					<onleft>22</onleft>
					<onright>21</onright>
					<onup>9002</onup>
					<ondown>9003</ondown>
				</control>
				<control type="image">
					<description>Reload Icon</description>
					<left>170</left>
					<top>5</top>
					<width>35</width>
					<height>35</height>
					<aspectratio>keep</aspectratio>
					<texture>icon_refresh.png</texture>
				</control>
			</control>
		</control>
		<control type="group">
			<depth>DepthHeader</depth>
			<control type="image">
				<description>LOGO</description>
				<left>120r</left>
				<top>30</top>
				<width>50</width>
				<height>50</height>
				<aspectratio aligny="top" align="left">keep</aspectratio>
				<texture>kodi-button.png</texture>
				<include>VisibleFadeEffect</include>
				<include>Window_OpenClose_Animation</include>
				<visible>true</visible>
			</control>
			<control type="label">
				<description>Kodi label</description>
				<right>130</right>
				<top>45</top>
				<width>300</width>
				<height>15</height>
				<align>right</align>
				<aligny>center</aligny>
				<font>font30_light</font>
				<textcolor>white</textcolor>
				<label>[B]Kodi[/B] Media Center</label>
				<animation type="WindowOpen" condition="Window.Previous(startup)">
					<effect type="fade" start="100" end="100" time="0"/>
					<effect type="fade" start="100" end="0" time="500" delay="4500"/>
				</animation>
				<animation type="WindowOpen" condition="!Window.Previous(startup)">
					<effect type="fade" start="0" end="0" time="0"/>
				</animation>
				<animation effect="fade" start="0" end="0" time="0">WindowClose</animation>
			</control>
			<control type="label">
				<description>Time label</description>
				<right>130</right>
				<top>45</top>
				<width>300</width>
				<height>15</height>
				<align>right</align>
				<aligny>center</aligny>
				<font>font30_light</font>
				<textcolor>white</textcolor>
				<label>[B]$INFO[System.Time][/B]</label>
				<animation type="WindowOpen" condition="Window.Previous(startup)">
					<effect type="fade" start="0" end="100" time="500" delay="5000"/>
				</animation>
				<animation type="WindowOpen" condition="!Window.Previous(startup)">
					<effect type="fade" start="0" end="100" time="500"/>
				</animation>
				<animation effect="fade" start="0" end="0" time="0">WindowClose</animation>
			</control>
			<control type="image">
				<description>LOGO</description>
				<left>10</left>
				<top>5</top>
				<width>120</width>
				<height>49</height>
				<aspectratio aligny="top" align="left">keep</aspectratio>
				<texture>kodi-logo.png</texture>
				<include>VisibleFadeEffect</include>
				<include>Window_OpenClose_Animation</include>
				<visible>false + !Skin.HasSetting(homepageWeatherinfo)</visible>
			</control>
			<control type="group">
				<left>20</left>
				<top>0</top>
				<visible>Skin.HasSetting(homepageWeatherinfo) + !String.IsEmpty(Weather.Plugin)</visible>
				<include>Window_OpenClose_Animation</include>
				<control type="image">
					<description>Weather image</description>
					<left>0</left>
					<top>0</top>
					<width>60</width>
					<height>60</height>
					<aspectratio>keep</aspectratio>
					<texture>$INFO[Weather.ConditionsIcon]</texture>
				</control>
				<control type="label">
					<description>Location label</description>
					<left>65</left>
					<top>5</top>
					<width>500</width>
					<height>15</height>
					<align>left</align>
					<aligny>center</aligny>
					<font>font10</font>
					<textcolor>white</textcolor>
					<shadowcolor>black</shadowcolor>
					<label>$INFO[Window(Weather).Property(Location)]</label>
				</control>
				<control type="grouplist">
					<left>65</left>
					<top>20</top>
					<width>1000</width>
					<height>30</height>
					<orientation>horizontal</orientation>
					<align>left</align>
					<itemgap>0</itemgap>
					<control type="label">
						<description>Temp label</description>
						<width min="0" max="300">auto</width>
						<height>30</height>
						<align>left</align>
						<aligny>center</aligny>
						<font>font28_title</font>
						<textcolor>white</textcolor>
						<shadowcolor>black</shadowcolor>
						<label>[B]$INFO[Window(Weather).Property(Current.Temperature)][/B]</label>
					</control>
					<control type="label">
						<description>Temp Units</description>
						<width min="0" max="100">auto</width>
						<height>22</height>
						<font>font10</font>
						<aligny>center</aligny>
						<label>$INFO[System.TemperatureUnits]</label>
						<textcolor>white</textcolor>
						<shadowcolor>black</shadowcolor>
						<visible>!String.IsEmpty(Window(Weather).Property(Current.Temperature))</visible>
					</control>
					<control type="label">
						<description>Conditions Label</description>
						<width>500</width>
						<height>22</height>
						<font>font10</font>
						<aligny>center</aligny>
						<label>$INFO[Window(Weather).Property(Current.Condition),  ]</label>
						<textcolor>grey2</textcolor>
						<shadowcolor>black</shadowcolor>
					</control>
				</control>
			</control>
			<control type="group">
				<visible>false</visible>
				<include>Clock</include>
			</control>
			<control type="label">
				<description>Date label</description>
				<right>20</right>
				<top>35</top>
				<width>300</width>
				<height>15</height>
				<align>right</align>
				<aligny>center</aligny>
				<font>font10</font>
				<textcolor>lightblue</textcolor>
				<shadowcolor>black</shadowcolor>
				<label>$INFO[System.Date]</label>
				<include>Window_OpenClose_Animation</include>
				<animation effect="slide" start="0,0" end="-40,0" time="75" condition="Player.Muted">conditional</animation>
				<visible>false</visible>
			</control>
		</control>
	</controls>
</window>
