<?xml version="1.0" encoding="UTF-8"?>
<window>
	<defaultcontrol/>
	<controls>
		<control type="visualisation" id="2">
			<!-- FIX ME Music Visualization needs to have an id of 2 in this window to be able to lock or change preset -->
			<description>visualisation</description>
			<left>0</left>
			<top>0</top>
			<width>1920</width>
			<height>1080</height>
		</control>
		<control type="image">
			<description>Fanart Image for Artist</description>
			<left>0</left>
			<top>0</top>
			<width>1920</width>
			<height>1080</height>
			<aspectratio>scale</aspectratio>
			<texture background="true">$INFO[Player.Art(fanart)]</texture>
			<colordiffuse>AAFFFFFF</colordiffuse>
			<visible>!String.IsEmpty(Player.Art(fanart)) + !Skin.HasSetting(HideVisualizationFanart)</visible>
			<fadetime>600</fadetime>
		</control>
		<!-- media infos Show Info -->
		<control type="group">
			<depth>DepthOSD</depth>
			<animation effect="fade" time="150">VisibleChange</animation>
			<visible>[Player.ShowInfo + !Window.IsActive(MusicOSD)] + ![Window.IsVisible(AddonSettings) | Window.IsVisible(SelectDialog) | Window.IsVisible(VisualisationPresetList) | Window.IsVisible(PVROSDChannels) | Window.IsVisible(PVRChannelGuide) | Window.IsVisible(PVRRadioRDSInfo) | Window.IsVisible(Addon)]</visible>
			<!-- <control type="image">
				<left>-20</left>
				<top>-150</top>
				<width>1320</width>
				<height>256</height>
				<texture flipy="true" border="1">HomeNowPlayingBack.png</texture>
			</control> -->
			<control type="label">
				<description>Partymode Header label</description>
				<left>30</left>
				<top>5</top>
				<width>800</width>
				<height>25</height>
				<align>left</align>
				<aligny>center</aligny>
				<font>font13</font>
				<textcolor>white</textcolor>
				<shadowcolor>black</shadowcolor>
				<label>$LOCALIZE[589]</label>
				<visible>MusicPartyMode.Enabled</visible>
			</control>
			<control type="label">
				<description>Normal Header label</description>
				<left>30</left>
				<top>5</top>
				<width>800</width>
				<height>25</height>
				<align>left</align>
				<aligny>center</aligny>
				<font>font13</font>
				<textcolor>white</textcolor>
				<shadowcolor>black</shadowcolor>
				<label>$INFO[musicplayer.Playlistposition,$LOCALIZE[554]: ]$INFO[musicplayer.Playlistlength, / ]</label>
				<visible>!MusicPartyMode.Enabled</visible>
			</control>
			<control type="image">
				<description>behind text image</description>
				<left>200</left>
				<top>0</top>
				<width>1900</width>
				<height>1000</height>
				<texture colordiffuse="AA051b4d">common/behindClock.png</texture>
				<aspectratio>stretch</aspectratio>
			</control>
			<control type="image">
				<depth>DepthOSDPopout</depth>
				<description>cover image</description>
				<left>280</left>
				<top>240</top>
				<width>570</width>
				<height>570</height>
				<texture fallback="DefaultAlbumCover.png">$INFO[Player.Art(thumb)]</texture>
				<aspectratio aligny="bottom">keep</aspectratio>
				<bordertexture border="8">ThumbShadow.png</bordertexture>
				<bordersize>8</bordersize>
			</control>
			<control type="group">
				<left>910</left>
				<top>390</top>
				<!-- <control type="label" id="1">
					<description>Heading label</description>
					<left>0</left>
					<top>0</top>
					<width>910</width>
					<height>25</height>
					<align>left</align>
					<font>font13</font>
					<label>$LOCALIZE[31040]</label>
					<textcolor>white</textcolor>
					<shadowcolor>black</shadowcolor>
					<visible>![MusicPlayer.Content(LiveTV) + [PVR.IsRecordingPlayingChannel | PVR.IsPlayingActiveRecording]]</visible>
					<animation effect="slide" start="0,0" end="0,25" time="0" condition="String.IsEmpty(MusicPlayer.Artist) + String.IsEmpty(MusicPlayer.Album)">conditional</animation>
				</control> -->
				<control type="image" id="1">
					<top>0</top>
					<width>50</width>
					<height>25</height>
					<aspectratio align="center" aligny="center">keep</aspectratio>
					<texture>PVR-IsRecording.png</texture>
					<visible>MusicPlayer.Content(LiveTV) + [[PVR.IsRecordingPlayingChannel + !Player.ChannelPreviewActive] | PVR.IsPlayingActiveRecording]</visible>
				</control>
				<control type="label" id="1">
					<description>Heading label</description>
					<left>50</left>
					<top>0</top>
					<width>860</width>
					<height>25</height>
					<align>left</align>
					<aligny>center</aligny>
					<font>font13</font>
					<label>$LOCALIZE[19158]</label>
					<textcolor>white</textcolor>
					<shadowcolor>black</shadowcolor>
					<visible>MusicPlayer.Content(LiveTV) + [[PVR.IsRecordingPlayingChannel + !Player.ChannelPreviewActive] | PVR.IsPlayingActiveRecording]</visible>
				</control>
				<control type="grouplist">
					<left>0</left>
					<top>0</top>
					<width>1200</width>
					<height>400</height>
					<itemgap>8</itemgap>
					<orientation>vertical</orientation>
					<control type="label">
						<width min="10" max="1200">auto</width>
						<height>50</height>
						<font>font48_bold</font>
						<align>left</align>
						<aligny>center</aligny>
						<label>$INFO[Player.Title]</label>
						<textcolor>white</textcolor>
						<scroll>true</scroll>
					</control>
					<control type="label">
						<description>Artist label</description>
						<height>50</height>
						<align>left</align>
						<font>font48</font>
						<label>$INFO[MusicPlayer.Artist]</label>
						<textcolor>white</textcolor>
					</control>
					<control type="label">
						<description>Album label</description>
						<height>50</height>
						<align>left</align>
						<font>font48</font>
						<label>$INFO[MusicPlayer.Album]</label>
						<textcolor>white</textcolor>
					</control>
					<control type="label">
						<description>Album label</description>
						<height>50</height>
						<align>left</align>
						<font>font48_bold</font>
						<label>$INFO[MusicPlayer.Time]</label>
						<textcolor>lightblue</textcolor>
					</control>
					<!-- <control type="label">
						<width>910</width>
						<height>30</height>
						<label>$LOCALIZE[19031]: $INFO[MusicPlayer.offset(1).Artist,, - ]$INFO[MusicPlayer.offset(1).Title]</label>
						<align>left</align>
						<font>font30</font>
						<textcolor>lightblue</textcolor>
						<scroll>true</scroll>
					</control> -->
					<control type="fadelabel" id="1">
						<description>Rotating Music Information</description>
						<height>50</height>
						<visible>true</visible>
						<scrollout>false</scrollout>
						<scrollspeed>20</scrollspeed>
						<pauseatend>5000</pauseatend>
						<!-- <label>$LOCALIZE[19031]: $INFO[MusicPlayer.offset(1).Artist,, - ]$INFO[MusicPlayer.offset(1).Title]</label> -->
						<label></label>
						<info>MusicPlayer.Year</info>
						<info>MusicPlayer.Contributors</info>
						<info>MusicPlayer.Duration, $LOCALIZE[31311]: </info>
						<info>MusicPlayer.offset(1).Title,$LOCALIZE[19031]: </info>
						<font>font30</font>
						<textcolor>lightblue</textcolor>
						<scroll>true</scroll>
						<randomize>false</randomize>
					</control>
					<!-- <control type="image">
						<description>Audio Codec Image</description>
						<width>81</width>
						<height>29</height>
						<texture>$INFO[MusicPlayer.Codec,flagging/audio/,.png]</texture>
						<visible>!Player.ChannelPreviewActive</visible>
					</control>
					<control type="group">
						<description>Rating</description>
						<width>172</width>
						<height>29</height>
						<control type="image">
							<description>rating back</description>
							<left>0</left>
							<top>0</top>
							<width>172</width>
							<height>29</height>
							<texture border="5">flagging/blank.png</texture>
						</control>
						<control type="image">
							<description>User Rating</description>
							<left>2</left>
							<top>5</top>
							<width>168</width>
							<height>21</height>
							<texture fallback="ratings/0.png">$INFO[MusicPlayer.UserRating,ratings/,.png]</texture>
						</control>
					</control> -->
				</control>
				<!-- <control type="label">
					<left>0</left>
					<top>120</top>
					<width>910</width>
					<height>25</height>
					<label>$LOCALIZE[19031]: $INFO[MusicPlayer.offset(1).Artist,, - ]$INFO[MusicPlayer.offset(1).Title]</label>
					<align>center</align>
					<aligny>center</aligny>
					<font>font12</font>
					<textcolor>grey</textcolor>
					<scroll>true</scroll>
					<visible>MusicPlayer.HasNext + !Window.IsVisible(MusicOSD)</visible>
					<animation effect="fade" time="150">VisibleChange</animation>
				</control> -->
			</control>
			<control type="group">
				<left>330</left>
				<top>95r</top>
				<visible>false + false</visible>
				<control type="label">
					<left>0</left>
					<top>0</top>
					<width>100</width>
					<height>40</height>
					<font>font13</font>
					<align>left</align>
					<aligny>center</aligny>
					<label>$INFO[Player.Time(hh:mm:ss)]</label>
				</control>
				<control type="progress">
					<description>Progressbar</description>
					<left>100</left>
					<top>15</top>
					<width>720</width>
					<height>16</height>
					<info>Player.Progress</info>
				</control>
				<control type="label">
					<left>820</left>
					<top>0</top>
					<width>100</width>
					<height>40</height>
					<font>font13</font>
					<align>right</align>
					<aligny>center</aligny>
					<label>$INFO[Player.Duration(hh:mm:ss)]</label>
				</control>
			</control>
		</control>
		<!-- media infos Context Menu -->
		<control type="group">
			<depth>DepthOSD</depth>
			<animation effect="fade" time="150">VisibleChange</animation>
			<visible>Window.IsActive(MusicOSD) + ![Window.IsVisible(AddonSettings) | Window.IsVisible(SelectDialog) | Window.IsVisible(VisualisationPresetList) | Window.IsVisible(PVROSDChannels) | Window.IsVisible(PVRChannelGuide) | Window.IsVisible(PVRRadioRDSInfo) | Window.IsVisible(Addon)]</visible>
			<!-- <control type="image">
				<left>-20</left>
				<top>-150</top>
				<width>1320</width>
				<height>256</height>
				<texture flipy="true" border="1">HomeNowPlayingBack.png</texture>
			</control> -->
			<control type="label">
				<description>Partymode Header label</description>
				<left>30</left>
				<top>5</top>
				<width>800</width>
				<height>25</height>
				<align>left</align>
				<aligny>center</aligny>
				<font>font13</font>
				<textcolor>white</textcolor>
				<shadowcolor>black</shadowcolor>
				<label>$LOCALIZE[589]</label>
				<visible>MusicPartyMode.Enabled</visible>
			</control>
			<control type="label">
				<description>Normal Header label</description>
				<left>30</left>
				<top>5</top>
				<width>800</width>
				<height>25</height>
				<align>left</align>
				<aligny>center</aligny>
				<font>font13</font>
				<textcolor>white</textcolor>
				<shadowcolor>black</shadowcolor>
				<label>$INFO[musicplayer.Playlistposition,$LOCALIZE[554]: ]$INFO[musicplayer.Playlistlength, / ]</label>
				<visible>!MusicPartyMode.Enabled</visible>
			</control>
			<control type="image">
				<description>behind text image</description>
				<left>430</left>
				<top>50</top>
				<width>1700</width>
				<height>1000</height>
				<texture colordiffuse="AA051b4d">common/behindClock.png</texture>
				<aspectratio>stretch</aspectratio>
			</control>
			<control type="image">
				<depth>DepthOSDPopout</depth>
				<description>cover image</description>
				<left>510</left>
				<top>310</top>
				<width>435</width>
				<height>435</height>
				<texture fallback="DefaultAlbumCover.png">$INFO[Player.Art(thumb)]</texture>
				<aspectratio aligny="bottom">keep</aspectratio>
				<bordertexture border="8">ThumbShadow.png</bordertexture>
				<bordersize>8</bordersize>
			</control>
			<control type="group">
				<left>975</left>
				<top>380</top>
				<!-- <control type="label" id="1">
					<description>Heading label</description>
					<left>0</left>
					<top>0</top>
					<width>910</width>
					<height>25</height>
					<align>left</align>
					<font>font13</font>
					<label>$LOCALIZE[31040]</label>
					<textcolor>white</textcolor>
					<shadowcolor>black</shadowcolor>
					<visible>![MusicPlayer.Content(LiveTV) + [PVR.IsRecordingPlayingChannel | PVR.IsPlayingActiveRecording]]</visible>
					<animation effect="slide" start="0,0" end="0,25" time="0" condition="String.IsEmpty(MusicPlayer.Artist) + String.IsEmpty(MusicPlayer.Album)">conditional</animation>
				</control> -->
				<control type="image" id="1">
					<top>0</top>
					<width>50</width>
					<height>25</height>
					<aspectratio align="center" aligny="center">keep</aspectratio>
					<texture>PVR-IsRecording.png</texture>
					<visible>MusicPlayer.Content(LiveTV) + [[PVR.IsRecordingPlayingChannel + !Player.ChannelPreviewActive] | PVR.IsPlayingActiveRecording]</visible>
				</control>
				<control type="label" id="1">
					<description>Heading label</description>
					<left>50</left>
					<top>0</top>
					<width>860</width>
					<height>25</height>
					<align>left</align>
					<aligny>center</aligny>
					<font>font13</font>
					<label>$LOCALIZE[19158]</label>
					<textcolor>white</textcolor>
					<shadowcolor>black</shadowcolor>
					<visible>MusicPlayer.Content(LiveTV) + [[PVR.IsRecordingPlayingChannel + !Player.ChannelPreviewActive] | PVR.IsPlayingActiveRecording]</visible>
				</control>
				<control type="grouplist">
					<left>0</left>
					<top>0</top>
					<width>1200</width>
					<height>400</height>
					<itemgap>5</itemgap>
					<orientation>vertical</orientation>
					<control type="label">
						<width min="10" max="1200">auto</width>
						<height>50</height>
						<font>font40_bold</font>
						<align>left</align>
						<aligny>center</aligny>
						<label>$INFO[Player.Title]</label>
						<textcolor>white</textcolor>
						<scroll>true</scroll>
					</control>
					<control type="label">
						<description>Artist label</description>
						<height>50</height>
						<align>left</align>
						<font>font40</font>
						<label>$INFO[MusicPlayer.Artist]</label>
						<textcolor>white</textcolor>
					</control>
					<control type="label">
						<description>Album label</description>
						<height>50</height>
						<align>left</align>
						<font>font40</font>
						<label>$INFO[MusicPlayer.Album]</label>
						<textcolor>white</textcolor>
					</control>
					<control type="label">
						<description>Album label</description>
						<height>50</height>
						<align>left</align>
						<font>font40_bold</font>
						<label>$INFO[MusicPlayer.Time]</label>
						<textcolor>lightblue</textcolor>
					</control>
					<!-- <control type="label">
						<width>910</width>
						<height>30</height>
						<label>$LOCALIZE[19031]: $INFO[MusicPlayer.offset(1).Artist,, - ]$INFO[MusicPlayer.offset(1).Title]</label>
						<align>left</align>
						<font>font30</font>
						<textcolor>lightblue</textcolor>
						<scroll>true</scroll>
					</control> -->
					<control type="fadelabel" id="1">
						<description>Rotating Music Information</description>
						<height>50</height>
						<visible>true</visible>
						<scrollout>false</scrollout>
						<scrollspeed>20</scrollspeed>
						<pauseatend>5000</pauseatend>
						<!-- <label>$LOCALIZE[19031]: $INFO[MusicPlayer.offset(1).Artist,, - ]$INFO[MusicPlayer.offset(1).Title]</label> -->
						<label></label>
						<info>MusicPlayer.Year</info>
						<info>MusicPlayer.Contributors</info>
						<info>MusicPlayer.Duration, $LOCALIZE[31311]: </info>
						<info>MusicPlayer.offset(1).Title,$LOCALIZE[19031]: </info>
						<font>font16</font>
						<textcolor>lightblue</textcolor>
						<scroll>true</scroll>
						<randomize>false</randomize>
					</control>
					<!-- <control type="image">
						<description>Audio Codec Image</description>
						<width>81</width>
						<height>29</height>
						<texture>$INFO[MusicPlayer.Codec,flagging/audio/,.png]</texture>
						<visible>!Player.ChannelPreviewActive</visible>
					</control>
					<control type="group">
						<description>Rating</description>
						<width>172</width>
						<height>29</height>
						<control type="image">
							<description>rating back</description>
							<left>0</left>
							<top>0</top>
							<width>172</width>
							<height>29</height>
							<texture border="5">flagging/blank.png</texture>
						</control>
						<control type="image">
							<description>User Rating</description>
							<left>2</left>
							<top>5</top>
							<width>168</width>
							<height>21</height>
							<texture fallback="ratings/0.png">$INFO[MusicPlayer.UserRating,ratings/,.png]</texture>
						</control>
					</control> -->
				</control>
				<!-- <control type="label">
					<left>0</left>
					<top>120</top>
					<width>910</width>
					<height>25</height>
					<label>$LOCALIZE[19031]: $INFO[MusicPlayer.offset(1).Artist,, - ]$INFO[MusicPlayer.offset(1).Title]</label>
					<align>center</align>
					<aligny>center</aligny>
					<font>font12</font>
					<textcolor>grey</textcolor>
					<scroll>true</scroll>
					<visible>MusicPlayer.HasNext + !Window.IsVisible(MusicOSD)</visible>
					<animation effect="fade" time="150">VisibleChange</animation>
				</control> -->
			</control>
			<control type="group">
				<left>330</left>
				<top>95r</top>
				<visible>false + false</visible>
				<control type="label">
					<left>0</left>
					<top>0</top>
					<width>100</width>
					<height>40</height>
					<font>font13</font>
					<align>left</align>
					<aligny>center</aligny>
					<label>$INFO[Player.Time(hh:mm:ss)]</label>
				</control>
				<control type="progress">
					<description>Progressbar</description>
					<left>100</left>
					<top>15</top>
					<width>720</width>
					<height>16</height>
					<info>Player.Progress</info>
				</control>
				<control type="label">
					<left>820</left>
					<top>0</top>
					<width>100</width>
					<height>40</height>
					<font>font13</font>
					<align>right</align>
					<aligny>center</aligny>
					<label>$INFO[Player.Duration(hh:mm:ss)]</label>
				</control>
			</control>
		</control>
	</controls>
</window>
