<?xml version="1.0" encoding="UTF-8"?>
<includes>
	<!-- ID: 10 -->
	<include name="PVRGuideViewTimeline">
		<control type="group">
			<description>TV Guide Timeline</description>
			<visible>Control.IsVisible(10)</visible>
			<include>VisibleFadeEffect</include>
			<control type="epggrid" id="10">
				<description>EPG Grid</description>
				<left>150</left>
				<top>125</top>
				<width>1710</width>
				<height>612</height>
				<onleft>101</onleft>
				<onright>60</onright>
				<onup>10</onup>
				<ondown>10</ondown>
				<viewtype label="19032">list</viewtype>
				<pagecontrol>60</pagecontrol>
				<scrolltime>350</scrolltime>
				<timeblocks>30</timeblocks>
				<rulerunit>6</rulerunit>
				<progresstexture border="0,48,18,14">PVR-EpgProgressIndicator.png</progresstexture>
				<rulerlayout height="35" width="40">
					<control type="label" id="2">
						<left>0</left>
						<top>0</top>
						<width>34</width>
						<height>29</height>
						<font>font16</font>
						<aligny>center</aligny>
						<selectedcolor>selected</selectedcolor>
						<align>center</align>
						<label>$INFO[ListItem.Label]</label>
						<visible>!ListItem.Property(DateLabel)</visible>
					</control>
					<control type="label" id="2">
						<left>0</left>
						<top>0</top>
						<width>34</width>
						<height>29</height>
						<font>font16</font>
						<aligny>center</aligny>
						<selectedcolor>selected</selectedcolor>
						<align>left</align>
						<label>$INFO[System.Date(ddd)], $INFO[System.Date(mmm d)]</label>
						<visible>ListItem.Property(DateLabel)</visible>
					</control>
				</rulerlayout>
				<channellayout height="72" width="346">
					<control type="image">
						<left>0</left>
						<top>2</top>
						<width>342</width>
						<height>68</height>
						<texture colordiffuse="99000000">common/blankWhite.png</texture>
						<include>VisibleFadeEffect</include>
					</control>
					<control type="label">
						<left>10</left>
						<top>0</top>
						<width>60</width>
						<height>72</height>
						<font>font30</font>
						<align>left</align>
						<aligny>center</aligny>
						<textcolor>lightblue</textcolor>
						<selectedcolor>lightblue</selectedcolor>
						<info>ListItem.ChannelNumberLabel</info>
					</control>
					<control type="image">
						<left>280</left>
						<width>60</width>
						<height>60</height>
						<texture>$INFO[ListItem.Icon]</texture>
						<aspectratio>keep</aspectratio>
					</control>
					<control type="label" id="1">
						<left>74</left>
						<top>0</top>
						<width>200</width>
						<height>72</height>
						<font>font30</font>
						<aligny>center</aligny>
						<selectedcolor>selected</selectedcolor>
						<align>right</align>
						<label>$INFO[ListItem.ChannelName]</label>
					</control>
				</channellayout>
				<focusedchannellayout height="72" width="346">
					<control type="image">
						<left>0</left>
						<top>2</top>
						<width>342</width>
						<height>68</height>
						<texture colordiffuse="99000000">common/blankWhite.png</texture>
						<include>VisibleFadeEffect</include>
					</control>
					<!-- <control type="image">
						<left>0</left>
						<top>0</top>
						<width>270</width>
						<height>48</height>
						<texture border="2">MenuItemFO.png</texture>
						<visible>Control.HasFocus(10)</visible>
						<include>VisibleFadeEffect</include>
					</control> -->
					<control type="label">
						<left>10</left>
						<top>0</top>
						<width>60</width>
						<height>72</height>
						<font>font30</font>
						<align>left</align>
						<aligny>center</aligny>
						<textcolor>lightblue</textcolor>
						<selectedcolor>lightblue</selectedcolor>
						<info>ListItem.ChannelNumberLabel</info>
					</control>
					<control type="image">
						<left>280</left>
						<width>60</width>
						<height>60</height>
						<texture>$INFO[ListItem.Icon]</texture>
						<aspectratio>keep</aspectratio>
					</control>
					<control type="label" id="1">
						<left>74</left>
						<top>0</top>
						<width>200</width>
						<height>72</height>
						<font>font30</font>
						<aligny>center</aligny>
						<selectedcolor>selected</selectedcolor>
						<align>right</align>
						<label>$INFO[ListItem.ChannelName]</label>
					</control>
				</focusedchannellayout>
				<itemlayout height="72" width="40">
					<control type="image" id="2">
						<width>40</width>
						<height>72</height>
						<left>0</left>
						<top>0</top>
						<aspectratio>stretch</aspectratio>
						<texture border="3" colordiffuse="66000000">epg-genres/$INFO[ListItem.Property(GenreType)].png</texture>
					</control>
					<control type="label" id="1">
						<left>10</left>
						<top>0</top>
						<width>20</width>
						<height>72</height>
						<font>font30</font>
						<aligny>center</aligny>
						<textcolor>whiteTransparentC</textcolor>
						<selectedcolor>selected</selectedcolor>
						<align>left</align>
						<info>ListItem.Label</info>
					</control>
					<control type="image">
						<left>6</left>
						<top>28</top>
						<width>16</width>
						<height>16</height>
						<texture>$VAR[PVRTimerIcon]</texture>
					</control>
				</itemlayout>
				<focusedlayout height="72" width="40">
					<control type="image" id="14">
						<width>46</width>
						<height>78</height>
						<left>-3</left>
						<top>-3</top>
						<texture border="10" colordiffuse="99FFFFFF">common/folder-focus.png</texture>
					</control>
					<control type="image" id="2">
						<width>40</width>
						<height>72</height>
						<left>0</left>
						<top>0</top>
						<aspectratio>stretch</aspectratio>
						<texture border="3" colordiffuse="66000000">epg-genres/$INFO[ListItem.Property(GenreType)].png</texture>
					</control>
					<control type="label" id="1">
						<left>10</left>
						<top>0</top>
						<width>20</width>
						<height>72</height>
						<font>font30_Bold</font>
						<aligny>center</aligny>
						<selectedcolor>selected</selectedcolor>
						<align>left</align>
						<info>ListItem.Label</info>
					</control>
					<control type="image">
						<left>6</left>
						<top>28</top>
						<width>16</width>
						<height>16</height>
						<texture>$VAR[PVRTimerIcon]</texture>
					</control>
				</focusedlayout>
			</control>
			<control type="scrollbar" id="60">
				<left>1870</left>
				<top>160</top>
				<width>25</width>
				<height>580</height>
				<texturesliderbackground border="0,14,0,14">ScrollBarV.png</texturesliderbackground>
				<texturesliderbar border="0,14,0,14">ScrollBarV_bar.png</texturesliderbar>
				<texturesliderbarfocus border="0,14,0,14">ScrollBarV_bar_focus.png</texturesliderbarfocus>
				<textureslidernib>ScrollBarNib.png</textureslidernib>
				<textureslidernibfocus>ScrollBarNib.png</textureslidernibfocus>
				<onleft>10</onleft>
				<onright>101</onright>
				<showonepage>false</showonepage>
				<orientation>vertical</orientation>
				<visible>Control.IsVisible(10)</visible>
			</control>
			<control type="group">
				<left>880</left>
				<top>740</top>
				<width>1000</width>
				<include>Clock</include>
			</control>
			<control type="group">
				<visible>!String.IsEmpty(ListItem.Label)</visible>
				<left>260</left>
				<top>770</top>
				<control type="image">
					<left>62</left>
					<top>6</top>
					<width>300</width>
					<height>250</height>
					<texture background="true">$INFO[ListItem.Icon]</texture>
					<aspectratio align="right" aligny="top">keep</aspectratio>
				</control>
				<control type="label">
					<left>380</left>
					<top>0</top>
					<width>1200</width>
					<height>20</height>
					<label>[B]$INFO[ListItem.Label]$INFO[ListItem.EpisodeName, (,)][/B]</label>
					<font>font30</font>
					<textcolor>white</textcolor>
				</control>
				<control type="textbox">
					<description>Plot value</description>
					<left>380</left>
					<top>45</top>
					<width>1000</width>
					<height>93</height>
					<font>font16</font>
					<align>justify</align>
					<textcolor>white</textcolor>
					<autoscroll delay="10000" time="3000" repeat="6000">true</autoscroll>
					<label>$INFO[ListItem.Plot]</label>
				</control>
				<control type="label">
					<left>380</left>
					<top>140</top>
					<width>1000</width>
					<height>20</height>
					<label>$INFO[ListItem.StartTime]$INFO[ListItem.EndTime, - ]$INFO[ListItem.Season, • $LOCALIZE[20373] ]$INFO[ListItem.Episode, • $LOCALIZE[20359] ]$INFO[ListItem.Genre, • ]</label>
					<font>font16</font>
					<textcolor>lightblue</textcolor>
				</control>
			</control>
		</control>
	</include>
	<!-- ID: 12 -->
	<include name="PVRGuideViewNext">
		<control type="group">
			<description>TV Guide Next</description>
			<visible>Control.IsVisible(12)</visible>
			<include>VisibleFadeEffect</include>
			<control type="group">
				<left>80</left>
				<top>60</top>
				<control type="label">
					<description>Time label</description>
					<left>0</left>
					<top>20</top>
					<width>100</width>
					<height>20</height>
					<font>font13_title</font>
					<textcolor>white</textcolor>
					<shadowcolor>black</shadowcolor>
					<align>center</align>
					<aligny>center</aligny>
					<label>555</label>
				</control>
				<control type="label">
					<description>Channel label</description>
					<left>100</left>
					<top>20</top>
					<width>250</width>
					<height>20</height>
					<font>font13_title</font>
					<textcolor>white</textcolor>
					<shadowcolor>black</shadowcolor>
					<align>center</align>
					<aligny>center</aligny>
					<label>19148</label>
				</control>
				<control type="label">
					<description>Title</description>
					<left>350</left>
					<top>20</top>
					<width>550</width>
					<height>20</height>
					<font>font13_title</font>
					<textcolor>white</textcolor>
					<shadowcolor>black</shadowcolor>
					<align>center</align>
					<aligny>center</aligny>
					<label>369</label>
				</control>
				<control type="label">
					<description>Status header label</description>
					<left>960</left>
					<top>20</top>
					<width>140</width>
					<height>20</height>
					<font>font13_title</font>
					<textcolor>white</textcolor>
					<shadowcolor>black</shadowcolor>
					<align>center</align>
					<aligny>center</aligny>
					<label>126</label>
				</control>
				<control type="image">
					<description>separator image</description>
					<left>0</left>
					<top>50</top>
					<width>1100</width>
					<height>1</height>
					<colordiffuse>88FFFFFF</colordiffuse>
					<texture>separator2.png</texture>
				</control>
				<control type="list" id="12">
					<viewtype label="19031">list</viewtype>
					<left>0</left>
					<top>60</top>
					<width>1100</width>
					<height>500</height>
					<onup>12</onup>
					<ondown>12</ondown>
					<onleft>101</onleft>
					<onright>76</onright>
					<pagecontrol>76</pagecontrol>
					<scrolltime>200</scrolltime>
					<itemlayout height="40">
						<control type="image">
							<left>0</left>
							<top>0</top>
							<width>1100</width>
							<height>41</height>
							<texture border="5">MenuItemNF.png</texture>
						</control>
						<control type="image">
							<left>100</left>
							<top>0</top>
							<width>250</width>
							<height>40</height>
							<colordiffuse>33FFFFFF</colordiffuse>
							<texture border="5">StackFO.png</texture>
						</control>
						<control type="image">
							<left>960</left>
							<top>0</top>
							<width>140</width>
							<height>40</height>
							<colordiffuse>33FFFFFF</colordiffuse>
							<texture border="5">StackFO.png</texture>
						</control>
						<control type="label">
							<left>0</left>
							<top>0</top>
							<width>100</width>
							<height>40</height>
							<font>font12</font>
							<align>center</align>
							<aligny>center</aligny>
							<textcolor>grey2</textcolor>
							<selectedcolor>selected</selectedcolor>
							<info>ListItem.StartTime</info>
						</control>
						<control type="image">
							<left>110</left>
							<top>5</top>
							<width>30</width>
							<height>30</height>
							<info>ListItem.Icon</info>
							<aspectratio>keep</aspectratio>
						</control>
						<control type="label">
							<left>150</left>
							<top>0</top>
							<width>190</width>
							<height>35</height>
							<font>font12</font>
							<align>left</align>
							<aligny>center</aligny>
							<textcolor>grey2</textcolor>
							<selectedcolor>selected</selectedcolor>
							<info>ListItem.ChannelName</info>
						</control>
						<control type="label">
							<left>360</left>
							<top>0</top>
							<width>590</width>
							<height>35</height>
							<font>font13</font>
							<align>left</align>
							<aligny>center</aligny>
							<textcolor>grey2</textcolor>
							<selectedcolor>selected</selectedcolor>
							<label>$INFO[ListItem.Label]$INFO[ListItem.EpisodeName, (,)]</label>
						</control>
						<control type="image">
							<left>970</left>
							<top>10</top>
							<width>20</width>
							<height>20</height>
							<texture>$VAR[PVRTimerIcon]</texture>
						</control>
						<control type="label">
							<left>1000</left>
							<top>0</top>
							<width>80</width>
							<height>40</height>
							<font>font10</font>
							<align>left</align>
							<aligny>center</aligny>
							<textcolor>grey2</textcolor>
							<selectedcolor>selected</selectedcolor>
							<label>$VAR[PVRTimerLabel]</label>
						</control>
					</itemlayout>
					<focusedlayout height="100">
						<control type="image">
							<left>0</left>
							<top>1</top>
							<width>1100</width>
							<height>98</height>
							<colordiffuse>AAFFFFFF</colordiffuse>
							<texture border="5">black-back2.png</texture>
						</control>
						<control type="image">
							<left>0</left>
							<top>0</top>
							<width>1100</width>
							<height>100</height>
							<texture border="5">MenuItemNF.png</texture>
						</control>
						<control type="image">
							<left>100</left>
							<top>0</top>
							<width>250</width>
							<height>40</height>
							<colordiffuse>AAFFFFFF</colordiffuse>
							<texture border="5">StackFO.png</texture>
							<visible>!Control.HasFocus(12)</visible>
						</control>
						<control type="image">
							<left>960</left>
							<top>0</top>
							<width>140</width>
							<height>40</height>
							<colordiffuse>AAFFFFFF</colordiffuse>
							<texture border="5">StackFO.png</texture>
							<visible>!Control.HasFocus(12)</visible>
						</control>
						<control type="image">
							<left>100</left>
							<top>0</top>
							<width>250</width>
							<height>40</height>
							<colordiffuse>88FFFFFF</colordiffuse>
							<texture border="5">StackFO.png</texture>
							<visible>Control.HasFocus(12)</visible>
						</control>
						<control type="image">
							<left>960</left>
							<top>0</top>
							<width>140</width>
							<height>40</height>
							<colordiffuse>88FFFFFF</colordiffuse>
							<texture border="5">StackFO.png</texture>
							<visible>Control.HasFocus(12)</visible>
						</control>
						<control type="label">
							<left>0</left>
							<top>0</top>
							<width>100</width>
							<height>40</height>
							<font>font12</font>
							<align>center</align>
							<aligny>center</aligny>
							<textcolor>white</textcolor>
							<selectedcolor>selected</selectedcolor>
							<info>ListItem.StartTime</info>
						</control>
						<control type="image">
							<left>110</left>
							<top>5</top>
							<width>30</width>
							<height>30</height>
							<info>ListItem.Icon</info>
							<aspectratio>keep</aspectratio>
						</control>
						<control type="label">
							<left>150</left>
							<top>0</top>
							<width>190</width>
							<height>35</height>
							<font>font12</font>
							<align>left</align>
							<aligny>center</aligny>
							<textcolor>white</textcolor>
							<selectedcolor>selected</selectedcolor>
							<info>ListItem.ChannelName</info>
						</control>
						<control type="label">
							<left>360</left>
							<top>0</top>
							<width>590</width>
							<height>35</height>
							<font>font13</font>
							<align>left</align>
							<aligny>center</aligny>
							<textcolor>white</textcolor>
							<selectedcolor>selected</selectedcolor>
							<label>$INFO[ListItem.Label]$INFO[ListItem.EpisodeName, (,)]</label>
						</control>
						<control type="textbox">
							<description>Plot Value for TVShow</description>
							<left>50</left>
							<top>37</top>
							<width>1000</width>
							<height>58</height>
							<font>font12</font>
							<align>justify</align>
							<textcolor>grey2</textcolor>
							<shadowcolor>black</shadowcolor>
							<pagecontrol/>
							<label>$INFO[ListItem.Plot]</label>
						</control>
						<control type="image">
							<left>970</left>
							<top>10</top>
							<width>20</width>
							<height>20</height>
							<texture>$VAR[PVRTimerIcon]</texture>
						</control>
						<control type="label">
							<left>1000</left>
							<top>0</top>
							<width>80</width>
							<height>40</height>
							<font>font10</font>
							<align>left</align>
							<aligny>center</aligny>
							<textcolor>grey2</textcolor>
							<selectedcolor>selected</selectedcolor>
							<label>$VAR[PVRTimerLabel]</label>
						</control>
					</focusedlayout>
				</control>
				<control type="scrollbar" id="76">
					<left>1105</left>
					<top>60</top>
					<width>25</width>
					<height>500</height>
					<texturesliderbackground border="0,14,0,14">ScrollBarV.png</texturesliderbackground>
					<texturesliderbar border="0,14,0,14">ScrollBarV_bar.png</texturesliderbar>
					<texturesliderbarfocus border="0,14,0,14">ScrollBarV_bar_focus.png</texturesliderbarfocus>
					<textureslidernib>ScrollBarNib.png</textureslidernib>
					<textureslidernibfocus>ScrollBarNib.png</textureslidernibfocus>
					<onleft>12</onleft>
					<onright>101</onright>
					<showonepage>false</showonepage>
					<orientation>vertical</orientation>
				</control>
			</control>
			<control type="label">
				<depth>DepthFooter</depth>
				<animation effect="slide" start="0,0" end="-90,0" time="0" condition="system.getbool(input.enablemouse)">Conditional</animation>
				<description>Page Count Label</description>
				<right>40</right>
				<top>53r</top>
				<width>500</width>
				<height>20</height>
				<font>font12</font>
				<textcolor>grey</textcolor>
				<scroll>false</scroll>
				<align>right</align>
				<aligny>center</aligny>
				<label>([COLOR=blue]$INFO[Container(12).NumItems][/COLOR]) $LOCALIZE[31025] - $LOCALIZE[31024] ([COLOR=blue]$INFO[Container(12).CurrentPage]/$INFO[Container(12).NumPages][/COLOR])</label>
			</control>
		</control>
	</include>
</includes>
