<?xml version="1.0" encoding="UTF-8"?>
<window>
	<defaultcontrol always="true">300</defaultcontrol>
	<!-- <include>dialogeffect</include>
	<depth>DepthDialog+</depth> -->
	<coordinates>
		<!-- <left>205</left>
		<top>120</top> -->
	</coordinates>
	<controls>
		<control type="image">
			<description>background image</description>
			<left>0</left>
			<top>0</top>
			<width>1920</width>
			<height>1080</height>
			<texture fallback="special://skin/backgrounds/SKINDEFAULT.png" background="true" colordiffuse="DDFFFFFF">$INFO[Skin.String(MasterCustomBackgroundPath)]</texture>
			<animation effect="fade" time="200">WindowOpen</animation>
			<animation effect="fade" time="300">WindowClose</animation>
		</control>
		<control type="image">
			<description>keyboard seperator left</description>
			<left>330</left>
			<top>436r</top>
			<width>4</width>
			<height>412</height>
			<texture colordiffuse="88FFFFFF">common/blankWhite.png</texture>
			<animation effect="fade" time="200">WindowOpen</animation>
			<animation effect="fade" time="300">WindowClose</animation>
		</control>
		<control type="image">
			<description>keyboard seperator right</description>
			<left>1525</left>
			<top>436r</top>
			<width>4</width>
			<height>412</height>
			<texture colordiffuse="77FFFFFF">common/blankWhite.png</texture>
			<animation effect="fade" time="200">WindowOpen</animation>
			<animation effect="fade" time="300">WindowClose</animation>
		</control>
		<control type="image">
			<description>keyboard background</description>
			<left>40</left>
			<top>440r</top>
			<width>1840</width>
			<height>420</height>
			<texture border="10" colordiffuse="99FFFFFF">common/folder-nofocus.png</texture>
			<animation effect="fade" time="200">WindowOpen</animation>
			<animation effect="fade" time="300">WindowClose</animation>
		</control>
		<control type="group">
			<include>VisibleFadeEffect</include>
			<visible>!Window.IsVisible(numericinput)</visible>
			<!-- <include content="DialogBackgroundCommons">
				<param name="DialogBackgroundWidth" value="860" />
				<param name="DialogBackgroundHeight" value="430" />
				<param name="DialogHeaderWidth" value="780" />
				<param name="DialogHeaderLabel" value="" />
				<param name="DialogHeaderId" value="311" />
				<param name="CloseButtonLeft" value="770" />
				<param name="CloseButtonNav" value="3" />
			</include> -->
			<control type="group">
				<left>0</left>
				<top>-90</top>
				<visible>Control.IsVisible(313)</visible>
				<!-- <control type="image">
					<left>0</left>
					<top>0</top>
					<width>860</width>
					<height>102</height>
					<texture border="20">OverlayDialogBackground.png</texture>
				</control>
				<control type="image">
					<left>50</left>
					<top>18</top>
					<width>760</width>
					<height>32</height>
					<aspectratio>stretch</aspectratio>
					<texture border="20">KeyboardEditArea.png</texture>
				</control>
				<control type="image">
					<left>0</left>
					<top>53</top>
					<width>860</width>
					<height>2</height>
					<aspectratio>stretch</aspectratio>
					<texture>separator.png</texture>
				</control> -->
				<control type="label" id="313">
					<description>HZCODE label</description>
					<left>55</left>
					<top>18</top>
					<width>750</width>
					<height>30</height>
					<font>font13</font>
					<align>center</align>
					<aligny>center</aligny>
				</control>
				<control type="label" id="314">
					<description>HZLIST label</description>
					<left>55</left>
					<top>55</top>
					<width>750</width>
					<height>30</height>
					<font>font13</font>
					<align>center</align>
					<aligny>center</aligny>
				</control>
			</control>
			<control type="label">
				<label>Search: </label>
				<left>50</left>
				<top>530r</top>
				<width>270</width>
				<align>right</align>
				<include>KeyboardSideButton</include>
			</control>
			<control type="image">
				<left>340</left>
				<top>530r</top>
				<width>1150</width>
				<height>60</height>
				<aspectratio>stretch</aspectratio>
				<texture border="20">KeyboardEditArea.png</texture>
			</control>
			<control type="edit" id="312">
				<description>Edit Text</description>
				<left>345</left>
				<top>530r</top>
				<width>1140</width>
				<height>60</height>
				<font>font40</font>
				<align>left</align>
				<aligny>center</aligny>
				<texturefocus/>
				<texturenofocus/>
			</control>
			<!-- <control type="image">
				<left>130</left>
				<top>110</top>
				<width>600</width>
				<height>30</height>
				<aspectratio>stretch</aspectratio>
				<texture>DialogHeader.png</texture>
			</control> -->
			<control type="button" id="300">
				<top>530r</top>
				<left>380r</left>
				<description>Done button</description>
				<label>20177</label>
				<align>center</align>
				<onup>309</onup>
				<ondown>8</ondown>
				<width>330</width>
				<height>60</height>
				<texturenofocus border="10" colordiffuse="66FFFFFF">common/folder-nofocus.png</texturenofocus>
				<include>KeyboardSideButton</include>
			</control>
			<!-- <control type="button" id="300">
				<description>DONE button</description>
				<width>200</width>
				<height>50</height>
				<texturenofocus border="25,5,25,5">KeyboardCornerBottomNF.png</texturenofocus>
				<texturefocus border="25,5,25,5">KeyboardCornerBottom.png</texturefocus>
				<label>20177</label>
				<font>font13</font>
				<align>center</align>
				<aligny>center</aligny>
				<onup>304</onup>
				<ondown>309</ondown>
				<focusedcolor>black</focusedcolor>
			</control> -->
			<control type="group">
				<left>50</left>
				<top>430r</top>
				<!-- Left column -->
				<control type="grouplist">
					<itemgap>0</itemgap>
					<orientation>vertical</orientation>
					<control type="radiobutton" id="303">
						<description>CAPS LOCK button</description>
						<label>20179</label>
						<onleft>8</onleft>
						<onright>100</onright>
						<radioposy>25</radioposy>
						<radiowidth>30</radiowidth>
						<radioheight>30</radioheight>
						<include>KeyboardSideButton</include>
					</control>
					<control type="radiobutton" id="302">
						<description>SHIFT button</description>
						<label>20178</label>
						<onleft>308</onleft>
						<onright>120</onright>
						<radioposy>25</radioposy>
						<radiowidth>30</radiowidth>
						<radioheight>30</radioheight>
						<include>KeyboardSideButton</include>
					</control>
					<control type="radiobutton" id="304">
						<description>Symbols button</description>
						<label>@#!*   </label>
						<onleft>309</onleft>
						<onright>140</onright>
						<radioposy>25</radioposy>
						<radiowidth>30</radiowidth>
						<radioheight>30</radioheight>
						<include>KeyboardSideButton</include>
					</control>
					<control type="button" id="307">
						<description>IP Input button</description>
						<onleft>171</onleft>
						<onright>160</onright>
						<label>IP</label>
						<include>KeyboardSideButton</include>
					</control>
				</control>
			</control>
			<control type="group">
				<left>380r</left>
				<top>430r</top>
				<!-- Right column -->
				<control type="grouplist">
					<onup>300</onup>
					<ondown>300</ondown>
					<itemgap>0</itemgap>
					<orientation>vertical</orientation>
					<control type="button" id="8">
						<description>BACKSPACE button</description>
						<label>20181</label>
						<onleft>111</onleft>
						<onright>303</onright>
						<width>330</width>
						<include>KeyboardSideButton</include>
					</control>
					<control type="button" id="308">
						<description>cancel button</description>
						<label>222</label>
						<onleft>131</onleft>
						<onright>302</onright>
						<onclick>Close</onclick>
						<width>330</width>
						<include>KeyboardSideButton</include>
					</control>
					<control type="button" id="309">
						<description>Layout button</description>
						<label>20177</label>
						<onleft>151</onleft>
						<onright>304</onright>
						<width>330</width>
						<include>KeyboardSideButton</include>
					</control>
				</control>
			</control>
			<control type="group">
				<left>340</left>
				<top>430r</top>
				<!-- 1st row -->
				<control type="grouplist" id="3001">
					<onleft>303</onleft>
					<onright>8</onright>
					<itemgap>20</itemgap>
					<orientation>horizontal</orientation>
					<control type="button" id="100">
						<description>(0,0) key button</description>
						<onup>305</onup>
						<ondown>120</ondown>
						<include>KeyboardButton</include>
					</control>
					<control type="button" id="101">
						<description>(0,1) key button</description>
						<onup>306</onup>
						<ondown>121</ondown>
						<include>KeyboardButton</include>
					</control>
					<control type="button" id="102">
						<description>(0,2) key button</description>
						<onup>32</onup>
						<ondown>122</ondown>
						<include>KeyboardButton</include>
					</control>
					<control type="button" id="103">
						<description>(0,3) key button</description>
						<onup>32</onup>
						<ondown>123</ondown>
						<include>KeyboardButton</include>
					</control>
					<control type="button" id="104">
						<description>(0,4) key button</description>
						<onup>32</onup>
						<ondown>124</ondown>
						<include>KeyboardButton</include>
					</control>
					<control type="button" id="105">
						<description>(0,5) key button</description>
						<onup>32</onup>
						<ondown>125</ondown>
						<include>KeyboardButton</include>
					</control>
					<control type="button" id="106">
						<description>(0,6) key button</description>
						<onup>32</onup>
						<ondown>126</ondown>
						<include>KeyboardButton</include>
					</control>
					<control type="button" id="107">
						<description>(0,7) key button</description>
						<onup>32</onup>
						<ondown>127</ondown>
						<include>KeyboardButton</include>
					</control>
					<control type="button" id="108">
						<description>(0,8) key button</description>
						<onup>32</onup>
						<ondown>128</ondown>
						<include>KeyboardButton</include>
					</control>
					<control type="button" id="109">
						<description>(0,9) key button</description>
						<onup>32</onup>
						<ondown>129</ondown>
						<include>KeyboardButton</include>
					</control>
					<control type="button" id="110">
						<description>(0,10) key button</description>
						<onup>32</onup>
						<ondown>130</ondown>
						<include>KeyboardButton</include>
					</control>
					<control type="button" id="111">
						<description>(0,11) key button</description>
						<onup>32</onup>
						<ondown>131</ondown>
						<!-- <texturenofocus flipx="true" border="5,25,25,5">KeyboardCornerTopNF.png</texturenofocus>
						<texturefocus flipx="true" border="5,25,25,5">KeyboardCornerTop.png</texturefocus> -->
						<include>KeyboardButton</include>
					</control>
				</control>
				<!-- 2nd row -->
				<control type="grouplist" id="3002">
					<onleft>302</onleft>
					<onright>308</onright>
					<orientation>horizontal</orientation>
					<top>80</top>
					<itemgap>20</itemgap>
					<control type="button" id="120">
						<description>(1,0) key button</description>
						<onup>100</onup>
						<ondown>140</ondown>
						<onleft>304</onleft>
						<include>KeyboardButton</include>
					</control>
					<control type="button" id="121">
						<description>(1,1) key button</description>
						<onup>101</onup>
						<ondown>141</ondown>
						<include>KeyboardButton</include>
					</control>
					<control type="button" id="122">
						<description>(1,2) key button</description>
						<onup>102</onup>
						<ondown>142</ondown>
						<include>KeyboardButton</include>
					</control>
					<control type="button" id="123">
						<description>(1,3) key button</description>
						<onup>103</onup>
						<ondown>143</ondown>
						<include>KeyboardButton</include>
					</control>
					<control type="button" id="124">
						<description>(1,4) key button</description>
						<onup>104</onup>
						<ondown>144</ondown>
						<include>KeyboardButton</include>
					</control>
					<control type="button" id="125">
						<description>(1,5) key button</description>
						<onup>105</onup>
						<ondown>145</ondown>
						<include>KeyboardButton</include>
					</control>
					<control type="button" id="126">
						<description>(1,6) key button</description>
						<onup>106</onup>
						<ondown>146</ondown>
						<include>KeyboardButton</include>
					</control>
					<control type="button" id="127">
						<description>(1,7) key button</description>
						<onup>107</onup>
						<ondown>147</ondown>
						<include>KeyboardButton</include>
					</control>
					<control type="button" id="128">
						<description>(1,8) key button</description>
						<onup>108</onup>
						<ondown>148</ondown>
						<include>KeyboardButton</include>
					</control>
					<control type="button" id="129">
						<description>(1,9) key button</description>
						<onup>109</onup>
						<ondown>149</ondown>
						<include>KeyboardButton</include>
					</control>
					<control type="button" id="130">
						<description>(1,10) key button</description>
						<onup>110</onup>
						<ondown>150</ondown>
						<include>KeyboardButton</include>
					</control>
					<control type="button" id="131">
						<description>(1,11) key button</description>
						<onup>111</onup>
						<ondown>151</ondown>
						<include>KeyboardButton</include>
					</control>
				</control>
				<!-- 3rd row -->
				<control type="grouplist" id="3003">
					<onleft>304</onleft>
					<onright>309</onright>
					<top>160</top>
					<orientation>horizontal</orientation>
					<itemgap>20</itemgap>
					<control type="button" id="140">
						<description>(2,0) key button</description>
						<onup>120</onup>
						<ondown>160</ondown>
						<onleft>302</onleft>
						<include>KeyboardButton</include>
					</control>
					<control type="button" id="141">
						<description>(2,1) key button</description>
						<onup>121</onup>
						<ondown>161</ondown>
						<include>KeyboardButton</include>
					</control>
					<control type="button" id="142">
						<description>(2,2) key button</description>
						<onup>122</onup>
						<ondown>162</ondown>
						<include>KeyboardButton</include>
					</control>
					<control type="button" id="143">
						<description>(2,3) key button</description>
						<onup>123</onup>
						<ondown>163</ondown>
						<include>KeyboardButton</include>
					</control>
					<control type="button" id="144">
						<description>(2,4) key button</description>
						<onup>124</onup>
						<ondown>164</ondown>
						<include>KeyboardButton</include>
					</control>
					<control type="button" id="145">
						<description>(2,5) key button</description>
						<onup>125</onup>
						<ondown>165</ondown>
						<include>KeyboardButton</include>
					</control>
					<control type="button" id="146">
						<description>(2,6) key button</description>
						<onup>126</onup>
						<ondown>166</ondown>
						<include>KeyboardButton</include>
					</control>
					<control type="button" id="147">
						<description>(2,7) key button</description>
						<onup>127</onup>
						<ondown>167</ondown>
						<include>KeyboardButton</include>
					</control>
					<control type="button" id="148">
						<description>(2,8) key button</description>
						<onup>128</onup>
						<ondown>168</ondown>
						<include>KeyboardButton</include>
					</control>
					<control type="button" id="149">
						<description>(2,9) key button</description>
						<onup>129</onup>
						<ondown>169</ondown>
						<include>KeyboardButton</include>
					</control>
					<control type="button" id="150">
						<description>(2,10) key button</description>
						<onup>130</onup>
						<ondown>170</ondown>
						<include>KeyboardButton</include>
					</control>
					<control type="button" id="151">
						<description>(2,11) key button</description>
						<onup>131</onup>
						<ondown>171</ondown>
						<include>KeyboardButton</include>
					</control>
				</control>
				<!-- 4th row -->
				<control type="grouplist" id="3004">
					<onleft>307</onleft>
					<onright>307</onright>
					<top>240</top>
					<itemgap>20</itemgap>
					<orientation>horizontal</orientation>
					<control type="button" id="160">
						<description>(3,0) key button</description>
						<onup>140</onup>
						<ondown>305</ondown>
						<onleft>303</onleft>
						<include>KeyboardButton</include>
					</control>
					<control type="button" id="161">
						<description>(3,1) key button</description>
						<onup>141</onup>
						<ondown>306</ondown>
						<include>KeyboardButton</include>
					</control>
					<control type="button" id="162">
						<description>(3,2) key button</description>
						<onup>142</onup>
						<ondown>32</ondown>
						<include>KeyboardButton</include>
					</control>
					<control type="button" id="163">
						<description>(3,3) key button</description>
						<onup>143</onup>
						<ondown>32</ondown>
						<include>KeyboardButton</include>
					</control>
					<control type="button" id="164">
						<description>(3,4) key button</description>
						<onup>144</onup>
						<ondown>32</ondown>
						<include>KeyboardButton</include>
					</control>
					<control type="button" id="165">
						<description>(3,5) key button</description>
						<onup>145</onup>
						<ondown>32</ondown>
						<include>KeyboardButton</include>
					</control>
					<control type="button" id="166">
						<description>(3,6) key button</description>
						<onup>146</onup>
						<ondown>32</ondown>
						<include>KeyboardButton</include>
					</control>
					<control type="button" id="167">
						<description>(3,7) key button</description>
						<onup>147</onup>
						<ondown>32</ondown>
						<include>KeyboardButton</include>
					</control>
					<control type="button" id="168">
						<description>(3,8) key button</description>
						<onup>148</onup>
						<ondown>32</ondown>
						<include>KeyboardButton</include>
					</control>
					<control type="button" id="169">
						<description>(3,9) key button</description>
						<onup>149</onup>
						<ondown>32</ondown>
						<include>KeyboardButton</include>
					</control>
					<control type="button" id="170">
						<description>(3,10) key button</description>
						<onup>150</onup>
						<ondown>32</ondown>
						<include>KeyboardButton</include>
					</control>
					<control type="button" id="171">
						<description>(3,11) key button</description>
						<onup>151</onup>
						<ondown>32</ondown>
						<include>KeyboardButton</include>
					</control>
				</control>
				<!-- 5th row -->
				<control type="grouplist">
					<onleft>307</onleft>
					<onright>307</onright>
					<top>320</top>
					<itemgap>20</itemgap>
					<orientation>horizontal</orientation>
					<control type="button" id="305">
						<description>previous button</description>
						<label>&lt;</label>
						<onup>160</onup>
						<ondown>100</ondown>
						<include>KeyboardButton</include>
					</control>
					<control type="button" id="306">
						<description>next button</description>
						<label>&gt;</label>
						<onup>161</onup>
						<ondown>101</ondown>
						<include>KeyboardButton</include>
					</control>
					<control type="button" id="32">
						<description>SPACE button</description>
						<width>800</width>
						<label>20182</label>
						<onup>3004</onup>
						<ondown>3001</ondown>
						<align>center</align>
						<include>KeyboardSideButton</include>
					</control>
				</control>
				<!-- <control type="image">
					<description>Backspace icon</description>
					<left>435</left>
					<top>210</top>
					<width>30</width>
					<height>30</height>
					<texture>KeyboardBackKey.png</texture>
				</control> -->
			</control>
		</control>
	</controls>
</window>
