<?xml version="1.0" encoding="UTF-8"?>
<addon id="skin.theGreenButton" version="19.0.8" name="The Green Button" provider-name="Doctor Eggs">
	<requires>
		<import addon="xbmc.gui" version="5.15.0"/>
		<!-- <import addon="script.embuary.helper" version="1.3.6"/>
		<import addon="script.embuary.info" version="1.2.4"/> -->
	</requires>
	<extension point="xbmc.gui.skin" debugging="false" effectslowdown="1.0">
		<res width="1920" height="1080" aspect="16:9" default="true" folder="xml" />
	</extension>
	<extension point="xbmc.addon.metadata">
		<summary lang="en_GB">The Green Button skin by Doctor Eggs</summary>
		<description lang="en_GB">The Green Button was developed to give Kodi a similar interface to WMC.</description>
		<disclaimer lang="en_GB">This is an Alpha release. Mouse interaction works, but things get funky when using the mouse.</disclaimer>
		<platform>all</platform>
		<license>CC-BY-NC-ND-4.0</license>
		<forum>https://forum.kodi.tv/showthread.php?tid=370312</forum>
		<source></source>
		<assets>
			<icon>resources/icon.png</icon>
			<fanart>resources/fanart.jpg</fanart>
			<screenshot>resources/screenshot-01.jpg</screenshot>
			<screenshot>resources/screenshot-02.jpg</screenshot>
			<screenshot>resources/screenshot-03.jpg</screenshot>
			<screenshot>resources/screenshot-04.jpg</screenshot>
			<screenshot>resources/screenshot-05.jpg</screenshot>
			<screenshot>resources/screenshot-06.jpg</screenshot>
			<screenshot>resources/screenshot-07.jpg</screenshot>
			<screenshot>resources/screenshot-08.jpg</screenshot>
		</assets>
	</extension>
</addon>
